status_change_date,Airport Quarantine,Ariyalur,Chengalpattu,Chennai,Coimbatore,Cuddalore,Dharmapuri,Dindigul,Erode,Kallakurichi,Kancheepuram,Kanyakumari,Karur,Krishnagiri,Madurai,Nagapattinam,Namakkal,Nilgiris,Other State,Perambalur,Pudukkottai,Railway Quarantine,Ramanathapuram,Ranipet,Salem,Sivaganga,Tenkasi,Thanjavur,Theni,Thiruvallur,Thiruvarur,Thoothukkudi,Tiruchirappalli,Tirunelveli,Tirupathur,Tiruppur,Tiruvannamalai,Vellore,Viluppuram,Virudhunagar
2020-03-07,0.0,0.0,0.0,0.0,0.0,0.0,0.0,0.0,0.0,0.0,0.0,0.0,0.0,0.0,0.0,0.0,0.0,0.0,0.0,0.0,0.0,0.0,0.0,0.0,0.0,0.0,0.0,0.0,0.0,0.0,0.0,0.0,0.0,0.0,0.0,0.0,0.0,0.0,0.0,0.0
2020-03-18,0.0,0.0,0.0,1.0,0.0,0.0,0.0,0.0,0.0,0.0,0.0,0.0,0.0,0.0,0.0,0.0,0.0,0.0,0.0,0.0,0.0,0.0,0.0,0.0,0.0,0.0,0.0,0.0,0.0,0.0,0.0,0.0,0.0,0.0,0.0,0.0,0.0,0.0,0.0,0.0
2020-03-21,0.0,0.0,0.0,2.0,0.0,0.0,0.0,0.0,2.0,0.0,0.0,0.0,0.0,0.0,0.0,0.0,0.0,0.0,0.0,0.0,0.0,0.0,0.0,0.0,0.0,0.0,0.0,0.0,0.0,0.0,0.0,0.0,0.0,0.0,0.0,0.0,0.0,0.0,0.0,0.0
2020-03-22,0.0,0.0,0.0,3.0,1.0,0.0,0.0,0.0,2.0,0.0,0.0,0.0,0.0,0.0,0.0,0.0,0.0,0.0,0.0,0.0,0.0,0.0,0.0,0.0,0.0,0.0,0.0,0.0,0.0,0.0,0.0,0.0,0.0,1.0,0.0,0.0,0.0,0.0,0.0,0.0
2020-03-23,0.0,0.0,0.0,4.0,1.0,0.0,0.0,0.0,2.0,0.0,0.0,0.0,0.0,0.0,0.0,0.0,0.0,0.0,0.0,0.0,0.0,0.0,0.0,0.0,0.0,0.0,0.0,0.0,0.0,0.0,0.0,0.0,0.0,1.0,0.0,1.0,0.0,0.0,0.0,0.0
2020-03-24,0.0,0.0,1.0,9.0,1.0,0.0,0.0,0.0,2.0,0.0,0.0,0.0,0.0,0.0,0.0,0.0,0.0,0.0,0.0,0.0,0.0,0.0,0.0,0.0,0.0,0.0,0.0,0.0,0.0,0.0,0.0,0.0,0.0,1.0,0.0,1.0,0.0,0.0,0.0,0.0
2020-03-25,0.0,0.0,1.0,10.0,1.0,0.0,0.0,0.0,2.0,0.0,0.0,0.0,0.0,0.0,0.0,0.0,0.0,0.0,0.0,0.0,0.0,0.0,0.0,1.0,5.0,0.0,0.0,0.0,0.0,0.0,0.0,0.0,0.0,1.0,0.0,1.0,0.0,0.0,0.0,0.0
2020-03-26,0.0,0.0,1.0,12.0,1.0,0.0,0.0,0.0,3.0,0.0,0.0,0.0,0.0,0.0,0.0,0.0,0.0,0.0,0.0,0.0,0.0,0.0,0.0,1.0,5.0,0.0,0.0,0.0,0.0,0.0,0.0,0.0,0.0,1.0,0.0,1.0,0.0,0.0,0.0,0.0
2020-03-27,0.0,0.0,3.0,14.0,1.0,0.0,0.0,0.0,6.0,0.0,0.0,0.0,0.0,0.0,2.0,0.0,0.0,0.0,0.0,0.0,0.0,0.0,0.0,1.0,6.0,0.0,0.0,0.0,0.0,0.0,0.0,0.0,0.0,1.0,0.0,1.0,0.0,0.0,0.0,0.0
2020-03-28,0.0,0.0,3.0,15.0,1.0,0.0,0.0,0.0,6.0,0.0,0.0,0.0,0.0,0.0,2.0,0.0,0.0,0.0,0.0,0.0,0.0,0.0,0.0,1.0,6.0,0.0,0.0,1.0,0.0,0.0,0.0,0.0,0.0,1.0,0.0,1.0,0.0,1.0,0.0,1.0
2020-03-29,0.0,0.0,3.0,15.0,1.0,0.0,0.0,0.0,10.0,0.0,0.0,0.0,0.0,0.0,2.0,0.0,0.0,0.0,0.0,0.0,0.0,0.0,0.0,1.0,6.0,0.0,0.0,1.0,0.0,0.0,0.0,0.0,0.0,1.0,0.0,1.0,0.0,1.0,0.0,1.0
2020-03-30,0.0,0.0,3.0,20.0,1.0,0.0,0.0,0.0,20.0,0.0,0.0,0.0,1.0,0.0,3.0,0.0,0.0,0.0,0.0,0.0,0.0,0.0,0.0,1.0,6.0,0.0,0.0,1.0,0.0,0.0,0.0,0.0,0.0,1.0,0.0,1.0,0.0,1.0,0.0,1.0
2020-03-31,0.0,0.0,4.0,24.0,1.0,0.0,0.0,0.0,20.0,0.0,0.0,5.0,1.0,0.0,5.0,0.0,18.0,0.0,0.0,0.0,0.0,0.0,0.0,1.0,6.0,0.0,0.0,1.0,0.0,0.0,0.0,1.0,0.0,23.0,0.0,1.0,1.0,1.0,3.0,1.0
2020-04-01,0.0,0.0,11.0,25.0,29.0,0.0,0.0,17.0,22.0,0.0,2.0,5.0,2.0,0.0,14.0,0.0,18.0,0.0,0.0,0.0,0.0,0.0,0.0,1.0,6.0,5.0,0.0,1.0,20.0,0.0,2.0,3.0,0.0,29.0,7.0,1.0,2.0,1.0,3.0,1.0
2020-04-02,0.0,0.0,18.0,45.0,29.0,0.0,0.0,17.0,28.0,0.0,2.0,5.0,17.0,0.0,14.0,0.0,18.0,0.0,0.0,0.0,0.0,0.0,2.0,5.0,6.0,5.0,0.0,1.0,20.0,1.0,7.0,5.0,0.0,30.0,10.0,1.0,2.0,1.0,3.0,10.0
2020-04-03,0.0,0.0,18.0,80.0,29.0,0.0,0.0,43.0,28.0,0.0,3.0,5.0,20.0,0.0,14.0,5.0,21.0,0.0,0.0,0.0,0.0,0.0,2.0,5.0,8.0,5.0,0.0,1.0,21.0,1.0,12.0,9.0,0.0,36.0,10.0,1.0,2.0,1.0,13.0,11.0
2020-04-04,0.0,0.0,18.0,87.0,29.0,3.0,0.0,43.0,28.0,2.0,3.0,5.0,22.0,0.0,16.0,5.0,24.0,0.0,0.0,1.0,0.0,0.0,2.0,23.0,9.0,5.0,0.0,1.0,23.0,11.0,12.0,9.0,17.0,37.0,10.0,3.0,2.0,3.0,14.0,11.0
2020-04-05,0.0,0.0,21.0,94.0,58.0,10.0,0.0,45.0,28.0,2.0,4.0,6.0,22.0,0.0,18.0,11.0,25.0,4.0,0.0,1.0,0.0,0.0,2.0,25.0,12.0,5.0,0.0,5.0,24.0,12.0,12.0,11.0,17.0,38.0,10.0,3.0,4.0,5.0,19.0,11.0
2020-04-06,0.0,1.0,23.0,109.0,59.0,13.0,0.0,45.0,28.0,2.0,6.0,6.0,22.0,0.0,18.0,11.0,28.0,4.0,0.0,1.0,0.0,0.0,2.0,25.0,12.0,5.0,0.0,8.0,24.0,12.0,12.0,11.0,30.0,38.0,11.0,7.0,5.0,5.0,20.0,11.0
2020-04-07,0.0,1.0,23.0,148.0,60.0,13.0,0.0,45.0,28.0,2.0,6.0,6.0,22.0,0.0,23.0,11.0,28.0,4.0,0.0,1.0,0.0,0.0,2.0,27.0,12.0,5.0,0.0,11.0,24.0,12.0,12.0,17.0,30.0,38.0,11.0,20.0,5.0,5.0,20.0,11.0
2020-04-08,0.0,1.0,23.0,155.0,60.0,13.0,0.0,46.0,28.0,2.0,6.0,6.0,22.0,0.0,23.0,11.0,33.0,4.0,0.0,1.0,0.0,0.0,2.0,27.0,13.0,5.0,0.0,11.0,40.0,13.0,12.0,17.0,36.0,42.0,11.0,22.0,5.0,6.0,24.0,11.0
2020-04-09,0.0,1.0,27.0,162.0,60.0,13.0,0.0,46.0,54.0,3.0,6.0,14.0,22.0,0.0,24.0,12.0,41.0,4.0,0.0,1.0,0.0,0.0,2.0,27.0,14.0,6.0,1.0,11.0,41.0,13.0,13.0,22.0,36.0,58.0,16.0,26.0,5.0,11.0,24.0,11.0
2020-04-10,0.0,1.0,39.0,171.0,86.0,14.0,0.0,54.0,56.0,3.0,6.0,15.0,22.0,0.0,24.0,12.0,41.0,7.0,0.0,1.0,0.0,0.0,2.0,36.0,14.0,6.0,1.0,11.0,41.0,13.0,13.0,24.0,36.0,58.0,16.0,26.0,6.0,11.0,27.0,11.0
2020-04-11,0.0,1.0,40.0,181.0,97.0,15.0,0.0,55.0,56.0,3.0,6.0,15.0,22.0,0.0,24.0,24.0,41.0,9.0,0.0,1.0,0.0,0.0,2.0,36.0,14.0,6.0,1.0,11.0,41.0,29.0,13.0,24.0,39.0,58.0,16.0,26.0,7.0,11.0,27.0,11.0
2020-04-12,0.0,1.0,42.0,199.0,119.0,19.0,0.0,56.0,60.0,3.0,6.0,15.0,25.0,0.0,24.0,24.0,45.0,9.0,0.0,1.0,0.0,0.0,2.0,38.0,18.0,6.0,2.0,11.0,41.0,30.0,13.0,24.0,43.0,58.0,16.0,61.0,7.0,12.0,27.0,11.0
2020-04-13,0.0,1.0,44.0,208.0,126.0,19.0,0.0,56.0,60.0,3.0,6.0,15.0,40.0,0.0,38.0,29.0,45.0,9.0,0.0,1.0,0.0,0.0,5.0,38.0,18.0,10.0,2.0,11.0,41.0,34.0,16.0,26.0,43.0,58.0,17.0,79.0,8.0,16.0,27.0,17.0
2020-04-14,0.0,1.0,44.0,213.0,126.0,20.0,0.0,65.0,60.0,3.0,6.0,16.0,40.0,0.0,40.0,31.0,45.0,9.0,0.0,1.0,0.0,0.0,7.0,38.0,19.0,11.0,5.0,15.0,41.0,34.0,16.0,26.0,43.0,58.0,17.0,79.0,8.0,16.0,27.0,17.0
2020-04-15,0.0,1.0,47.0,218.0,126.0,20.0,0.0,65.0,66.0,3.0,6.0,16.0,40.0,0.0,40.0,38.0,45.0,9.0,0.0,1.0,0.0,0.0,7.0,38.0,22.0,11.0,6.0,16.0,42.0,41.0,18.0,26.0,43.0,59.0,17.0,79.0,8.0,17.0,27.0,17.0
2020-04-16,0.0,1.0,47.0,221.0,127.0,20.0,0.0,65.0,66.0,3.0,6.0,16.0,40.0,0.0,43.0,38.0,50.0,9.0,0.0,1.0,0.0,0.0,10.0,38.0,24.0,11.0,6.0,17.0,42.0,42.0,18.0,26.0,43.0,60.0,17.0,80.0,8.0,20.0,28.0,17.0
2020-04-17,0.0,1.0,47.0,232.0,127.0,20.0,0.0,66.0,66.0,3.0,6.0,16.0,41.0,0.0,43.0,40.0,50.0,9.0,0.0,1.0,0.0,0.0,10.0,38.0,24.0,11.0,11.0,34.0,44.0,47.0,22.0,26.0,46.0,60.0,17.0,80.0,8.0,23.0,30.0,17.0
2020-04-18,0.0,1.0,47.0,239.0,128.0,20.0,0.0,69.0,66.0,3.0,6.0,16.0,41.0,0.0,43.0,40.0,50.0,9.0,0.0,4.0,0.0,0.0,10.0,38.0,24.0,11.0,15.0,35.0,44.0,47.0,22.0,26.0,46.0,62.0,17.0,108.0,8.0,23.0,30.0,17.0
2020-04-19,0.0,1.0,50.0,289.0,133.0,26.0,0.0,74.0,66.0,3.0,7.0,16.0,41.0,0.0,45.0,43.0,50.0,9.0,0.0,4.0,0.0,0.0,10.0,38.0,24.0,11.0,19.0,45.0,44.0,47.0,27.0,26.0,46.0,64.0,17.0,108.0,8.0,23.0,37.0,19.0
2020-04-20,0.0,3.0,50.0,307.0,133.0,26.0,0.0,76.0,66.0,3.0,7.0,16.0,41.0,0.0,45.0,44.0,50.0,9.0,0.0,5.0,1.0,0.0,11.0,38.0,24.0,12.0,23.0,45.0,44.0,49.0,28.0,27.0,50.0,64.0,17.0,109.0,8.0,23.0,40.0,19.0
2020-04-21,0.0,3.0,53.0,362.0,134.0,26.0,0.0,76.0,66.0,5.0,8.0,16.0,41.0,0.0,45.0,44.0,51.0,9.0,0.0,5.0,1.0,0.0,11.0,38.0,24.0,12.0,28.0,48.0,44.0,49.0,29.0,27.0,50.0,64.0,17.0,109.0,8.0,23.0,44.0,19.0
2020-04-22,0.0,5.0,53.0,377.0,134.0,26.0,0.0,76.0,66.0,5.0,9.0,16.0,41.0,0.0,49.0,44.0,51.0,9.0,0.0,5.0,1.0,0.0,11.0,38.0,24.0,12.0,28.0,54.0,44.0,51.0,29.0,27.0,51.0,64.0,17.0,109.0,9.0,23.0,45.0,19.0
2020-04-23,0.0,5.0,54.0,404.0,134.0,26.0,1.0,79.0,66.0,5.0,9.0,16.0,41.0,0.0,51.0,44.0,55.0,9.0,0.0,5.0,1.0,0.0,12.0,38.0,29.0,12.0,29.0,55.0,44.0,51.0,30.0,27.0,51.0,65.0,18.0,110.0,9.0,23.0,46.0,22.0
2020-04-24,0.0,5.0,54.0,456.0,141.0,26.0,1.0,79.0,66.0,5.0,10.0,16.0,41.0,0.0,55.0,44.0,55.0,9.0,0.0,5.0,1.0,0.0,14.0,38.0,30.0,12.0,30.0,55.0,44.0,53.0,30.0,27.0,51.0,65.0,18.0,110.0,10.0,23.0,46.0,23.0
2020-04-25,0.0,5.0,55.0,499.0,141.0,26.0,1.0,79.0,66.0,5.0,17.0,16.0,41.0,0.0,59.0,44.0,55.0,9.0,0.0,7.0,1.0,0.0,14.0,38.0,30.0,12.0,35.0,55.0,44.0,53.0,30.0,27.0,51.0,65.0,18.0,110.0,11.0,23.0,47.0,25.0
2020-04-26,0.0,5.0,55.0,527.0,141.0,26.0,1.0,79.0,66.0,6.0,17.0,16.0,41.0,0.0,74.0,44.0,59.0,9.0,0.0,7.0,1.0,0.0,15.0,38.0,31.0,12.0,35.0,55.0,44.0,54.0,30.0,27.0,51.0,65.0,18.0,112.0,11.0,23.0,51.0,32.0
2020-04-27,0.0,5.0,55.0,574.0,141.0,26.0,1.0,79.0,66.0,6.0,17.0,16.0,41.0,0.0,78.0,44.0,59.0,9.0,0.0,7.0,1.0,0.0,15.0,38.0,31.0,12.0,35.0,55.0,44.0,54.0,30.0,27.0,51.0,65.0,18.0,112.0,11.0,23.0,52.0,32.0
2020-04-28,0.0,5.0,67.0,677.0,141.0,26.0,1.0,79.0,66.0,9.0,18.0,16.0,41.0,0.0,78.0,44.0,61.0,9.0,0.0,7.0,1.0,0.0,15.0,38.0,31.0,12.0,35.0,55.0,44.0,54.0,30.0,27.0,51.0,65.0,18.0,112.0,11.0,23.0,52.0,32.0
2020-04-29,0.0,5.0,71.0,771.0,141.0,26.0,1.0,79.0,66.0,9.0,21.0,16.0,41.0,0.0,78.0,44.0,61.0,9.0,0.0,7.0,1.0,0.0,15.0,38.0,31.0,12.0,35.0,55.0,44.0,55.0,30.0,27.0,51.0,65.0,18.0,112.0,11.0,23.0,54.0,32.0
2020-04-30,0.0,6.0,76.0,909.0,141.0,27.0,1.0,79.0,66.0,9.0,24.0,16.0,41.0,0.0,83.0,44.0,61.0,9.0,0.0,9.0,1.0,0.0,18.0,39.0,32.0,12.0,35.0,55.0,44.0,56.0,30.0,27.0,51.0,65.0,18.0,112.0,11.0,23.0,54.0,32.0
2020-05-01,0.0,7.0,84.0,1085.0,141.0,28.0,1.0,80.0,66.0,9.0,26.0,16.0,42.0,0.0,86.0,45.0,61.0,9.0,0.0,9.0,1.0,0.0,18.0,39.0,32.0,12.0,35.0,57.0,44.0,62.0,30.0,27.0,51.0,65.0,18.0,112.0,11.0,23.0,55.0,32.0
2020-05-02,0.0,25.0,89.0,1259.0,142.0,30.0,1.0,80.0,66.0,9.0,39.0,16.0,42.0,0.0,87.0,45.0,61.0,9.0,0.0,11.0,1.0,0.0,20.0,39.0,33.0,12.0,35.0,57.0,44.0,70.0,30.0,27.0,51.0,65.0,18.0,114.0,11.0,23.0,57.0,32.0
2020-05-03,0.0,27.0,90.0,1462.0,146.0,39.0,1.0,80.0,66.0,15.0,39.0,17.0,42.0,0.0,89.0,45.0,61.0,9.0,0.0,11.0,1.0,0.0,20.0,39.0,33.0,12.0,37.0,57.0,44.0,72.0,30.0,27.0,51.0,65.0,18.0,114.0,12.0,23.0,90.0,32.0
2020-05-04,0.0,33.0,94.0,1728.0,146.0,161.0,1.0,90.0,66.0,15.0,39.0,17.0,43.0,0.0,90.0,45.0,61.0,9.0,0.0,36.0,1.0,0.0,21.0,42.0,33.0,12.0,46.0,58.0,44.0,81.0,32.0,27.0,55.0,65.0,19.0,114.0,23.0,23.0,139.0,34.0
2020-05-05,0.0,33.0,130.0,2006.0,146.0,229.0,2.0,97.0,66.0,53.0,40.0,17.0,43.0,2.0,91.0,45.0,76.0,14.0,0.0,37.0,1.0,0.0,21.0,42.0,34.0,12.0,47.0,58.0,49.0,101.0,32.0,27.0,56.0,66.0,19.0,114.0,23.0,23.0,164.0,35.0
2020-05-06,0.0,221.0,139.0,2330.0,146.0,324.0,2.0,106.0,66.0,53.0,85.0,17.0,44.0,4.0,111.0,45.0,76.0,14.0,0.0,40.0,3.0,0.0,21.0,42.0,35.0,12.0,48.0,59.0,51.0,135.0,33.0,29.0,57.0,67.0,20.0,114.0,40.0,29.0,169.0,35.0
2020-05-07,0.0,245.0,152.0,2646.0,146.0,356.0,2.0,106.0,66.0,54.0,87.0,17.0,46.0,8.0,111.0,45.0,76.0,14.0,0.0,73.0,5.0,0.0,23.0,49.0,35.0,12.0,48.0,61.0,54.0,198.0,33.0,30.0,62.0,70.0,22.0,114.0,57.0,30.0,214.0,35.0
2020-05-08,0.0,245.0,178.0,3045.0,146.0,390.0,4.0,106.0,66.0,54.0,95.0,25.0,46.0,10.0,113.0,45.0,76.0,14.0,0.0,73.0,5.0,0.0,24.0,49.0,35.0,12.0,49.0,61.0,55.0,273.0,33.0,30.0,63.0,74.0,23.0,114.0,68.0,30.0,235.0,38.0
2020-05-09,0.0,261.0,218.0,3324.0,146.0,393.0,4.0,107.0,66.0,55.0,112.0,25.0,46.0,10.0,113.0,45.0,77.0,15.0,0.0,104.0,5.0,0.0,26.0,59.0,35.0,12.0,49.0,62.0,57.0,299.0,33.0,30.0,63.0,83.0,27.0,114.0,83.0,30.0,302.0,38.0
2020-05-10,0.0,265.0,261.0,3833.0,146.0,394.0,4.0,107.0,66.0,55.0,120.0,25.0,47.0,20.0,117.0,45.0,77.0,15.0,0.0,113.0,6.0,0.0,27.0,65.0,35.0,12.0,49.0,62.0,60.0,346.0,33.0,30.0,63.0,93.0,28.0,114.0,83.0,33.0,308.0,40.0
2020-05-11,0.0,298.0,351.0,4371.0,146.0,394.0,6.0,108.0,66.0,55.0,128.0,26.0,47.0,20.0,121.0,45.0,77.0,15.0,0.0,114.0,6.0,0.0,31.0,66.0,35.0,12.0,49.0,65.0,60.0,443.0,33.0,33.0,63.0,93.0,28.0,114.0,93.0,34.0,308.0,41.0
2020-05-12,4.0,334.0,386.0,4881.0,146.0,395.0,6.0,110.0,66.0,57.0,152.0,27.0,51.0,20.0,121.0,45.0,77.0,15.0,0.0,141.0,6.0,0.0,31.0,75.0,35.0,12.0,50.0,65.0,67.0,470.0,33.0,35.0,65.0,96.0,28.0,114.0,106.0,35.0,309.0,45.0
2020-05-13,9.0,338.0,411.0,5261.0,146.0,412.0,6.0,110.0,66.0,57.0,156.0,27.0,53.0,20.0,123.0,47.0,77.0,15.0,0.0,142.0,6.0,0.0,31.0,75.0,35.0,12.0,50.0,66.0,72.0,495.0,33.0,36.0,65.0,101.0,28.0,114.0,129.0,35.0,316.0,45.0
2020-05-14,9.0,348.0,430.0,5636.0,146.0,413.0,7.0,111.0,66.0,61.0,165.0,33.0,56.0,20.0,133.0,47.0,77.0,16.0,0.0,155.0,6.0,0.0,33.0,76.0,35.0,13.0,54.0,71.0,74.0,525.0,34.0,40.0,67.0,120.0,28.0,114.0,138.0,36.0,326.0,46.0
2020-05-15,9.0,348.0,450.0,5946.0,146.0,416.0,7.0,113.0,66.0,61.0,176.0,37.0,56.0,20.0,144.0,47.0,77.0,16.0,0.0,157.0,7.0,0.0,33.0,78.0,35.0,13.0,56.0,72.0,80.0,546.0,34.0,50.0,67.0,142.0,28.0,114.0,142.0,36.0,326.0,48.0
2020-05-16,13.0,348.0,463.0,6278.0,147.0,416.0,7.0,120.0,66.0,78.0,180.0,39.0,56.0,20.0,148.0,49.0,77.0,16.0,1.0,157.0,7.0,0.0,33.0,81.0,35.0,22.0,61.0,73.0,81.0,556.0,34.0,58.0,67.0,186.0,28.0,114.0,149.0,37.0,328.0,49.0
2020-05-17,13.0,353.0,491.0,6760.0,147.0,417.0,7.0,120.0,66.0,95.0,185.0,39.0,72.0,20.0,161.0,50.0,77.0,16.0,1.0,157.0,7.0,2.0,33.0,81.0,44.0,26.0,64.0,73.0,81.0,574.0,34.0,71.0,67.0,201.0,28.0,114.0,152.0,37.0,328.0,53.0
2020-05-18,18.0,355.0,534.0,7124.0,147.0,418.0,7.0,122.0,66.0,100.0,202.0,46.0,73.0,20.0,164.0,50.0,77.0,16.0,1.0,157.0,7.0,2.0,39.0,83.0,49.0,26.0,70.0,73.0,90.0,593.0,34.0,86.0,67.0,213.0,29.0,114.0,156.0,37.0,332.0,56.0
2020-05-19,54.0,355.0,556.0,7676.0,147.0,420.0,7.0,125.0,66.0,111.0,207.0,51.0,79.0,20.0,164.0,51.0,77.0,16.0,1.0,157.0,7.0,2.0,41.0,84.0,49.0,26.0,72.0,76.0,91.0,601.0,34.0,92.0,68.0,233.0,29.0,114.0,156.0,37.0,332.0,57.0
2020-05-20,54.0,355.0,617.0,8233.0,147.0,420.0,7.0,126.0,66.0,112.0,221.0,51.0,79.0,21.0,173.0,51.0,77.0,16.0,1.0,157.0,13.0,3.0,41.0,84.0,49.0,26.0,75.0,77.0,94.0,624.0,34.0,114.0,68.0,249.0,29.0,114.0,167.0,37.0,339.0,63.0
2020-05-21,61.0,355.0,651.0,8800.0,147.0,421.0,7.0,131.0,66.0,120.0,234.0,51.0,80.0,21.0,192.0,51.0,77.0,16.0,1.0,157.0,16.0,5.0,41.0,88.0,49.0,28.0,83.0,81.0,98.0,666.0,34.0,136.0,68.0,260.0,30.0,114.0,172.0,38.0,343.0,71.0
2020-05-22,62.0,355.0,691.0,9369.0,147.0,421.0,7.0,132.0,67.0,121.0,247.0,51.0,80.0,22.0,225.0,51.0,77.0,16.0,1.0,157.0,19.0,5.0,54.0,89.0,49.0,28.0,83.0,81.0,103.0,705.0,37.0,145.0,72.0,278.0,30.0,114.0,174.0,41.0,343.0,97.0
2020-05-23,74.0,355.0,730.0,9994.0,147.0,423.0,7.0,132.0,67.0,121.0,260.0,51.0,80.0,22.0,227.0,51.0,77.0,16.0,1.0,157.0,20.0,5.0,57.0,90.0,52.0,28.0,85.0,81.0,104.0,727.0,37.0,150.0,72.0,289.0,30.0,114.0,185.0,41.0,347.0,99.0
2020-05-24,76.0,356.0,776.0,10581.0,147.0,427.0,7.0,132.0,67.0,136.0,281.0,53.0,80.0,22.0,233.0,51.0,77.0,16.0,1.0,157.0,21.0,6.0,60.0,92.0,52.0,28.0,85.0,84.0,108.0,761.0,39.0,161.0,75.0,289.0,30.0,114.0,189.0,41.0,347.0,112.0
2020-05-25,81.0,356.0,830.0,11130.0,147.0,427.0,8.0,132.0,67.0,146.0,300.0,56.0,80.0,23.0,233.0,51.0,77.0,16.0,1.0,157.0,21.0,22.0,65.0,96.0,58.0,28.0,85.0,85.0,110.0,798.0,40.0,178.0,76.0,304.0,30.0,114.0,230.0,41.0,347.0,129.0
2020-05-26,86.0,357.0,854.0,11641.0,147.0,435.0,10.0,133.0,67.0,154.0,313.0,60.0,80.0,25.0,235.0,51.0,77.0,16.0,3.0,157.0,21.0,23.0,66.0,97.0,68.0,28.0,85.0,85.0,110.0,823.0,40.0,188.0,76.0,304.0,31.0,114.0,244.0,44.0,347.0,130.0
2020-05-27,86.0,362.0,889.0,12203.0,147.0,439.0,10.0,133.0,67.0,236.0,330.0,61.0,80.0,25.0,244.0,52.0,77.0,16.0,3.0,157.0,23.0,67.0,67.0,98.0,68.0,31.0,85.0,86.0,110.0,871.0,46.0,196.0,79.0,309.0,32.0,114.0,266.0,46.0,359.0,142.0
2020-05-28,90.0,362.0,934.0,12762.0,147.0,443.0,10.0,137.0,67.0,239.0,350.0,61.0,80.0,26.0,252.0,54.0,77.0,16.0,3.0,157.0,24.0,83.0,67.0,99.0,107.0,31.0,85.0,87.0,110.0,909.0,46.0,200.0,79.0,338.0,32.0,114.0,306.0,48.0,362.0,145.0
2020-05-29,96.0,365.0,995.0,13380.0,147.0,448.0,10.0,137.0,68.0,258.0,362.0,62.0,80.0,26.0,252.0,54.0,77.0,16.0,3.0,157.0,24.0,155.0,67.0,99.0,107.0,31.0,85.0,87.0,110.0,918.0,46.0,201.0,80.0,353.0,32.0,114.0,354.0,48.0,363.0,146.0
2020-05-30,96.0,365.0,1089.0,13996.0,147.0,454.0,10.0,137.0,68.0,265.0,383.0,70.0,81.0,27.0,271.0,59.0,77.0,16.0,3.0,158.0,24.0,155.0,80.0,99.0,146.0,32.0,86.0,89.0,111.0,946.0,50.0,218.0,87.0,365.0,33.0,114.0,363.0,48.0,386.0,147.0
2020-05-31,104.0,365.0,1174.0,14800.0,147.0,462.0,10.0,138.0,68.0,267.0,399.0,73.0,81.0,28.0,281.0,60.0,78.0,16.0,3.0,159.0,28.0,181.0,86.0,100.0,195.0,33.0,86.0,90.0,111.0,993.0,51.0,228.0,90.0,365.0,33.0,114.0,418.0,49.0,387.0,149.0
2020-06-01,105.0,370.0,1222.0,15767.0,152.0,463.0,10.0,143.0,68.0,267.0,408.0,75.0,81.0,28.0,281.0,60.0,82.0,17.0,3.0,160.0,29.0,202.0,88.0,105.0,211.0,34.0,88.0,94.0,111.0,1026.0,51.0,229.0,90.0,368.0,34.0,114.0,428.0,53.0,395.0,150.0
2020-06-02,107.0,370.0,1304.0,16576.0,152.0,464.0,10.0,145.0,70.0,271.0,423.0,82.0,81.0,28.0,282.0,63.0,82.0,17.0,3.0,161.0,30.0,205.0,89.0,105.0,220.0,35.0,90.0,97.0,116.0,1069.0,53.0,280.0,97.0,380.0,38.0,114.0,442.0,53.0,396.0,153.0
2020-06-03,126.0,370.0,1365.0,17588.0,161.0,470.0,11.0,145.0,70.0,275.0,442.0,83.0,82.0,28.0,289.0,64.0,83.0,17.0,3.0,161.0,30.0,205.0,94.0,110.0,223.0,35.0,94.0,103.0,117.0,1127.0,55.0,297.0,97.0,392.0,42.0,114.0,463.0,57.0,397.0,154.0
2020-06-04,141.0,372.0,1539.0,18694.0,167.0,472.0,13.0,147.0,72.0,282.0,466.0,88.0,82.0,29.0,292.0,72.0,85.0,18.0,6.0,162.0,31.0,245.0,95.0,110.0,237.0,36.0,96.0,104.0,121.0,1170.0,55.0,303.0,100.0,395.0,48.0,114.0,472.0,58.0,418.0,162.0
2020-06-05,155.0,374.0,1625.0,19810.0,167.0,475.0,13.0,150.0,72.0,294.0,481.0,89.0,83.0,29.0,301.0,75.0,85.0,18.0,6.0,163.0,36.0,257.0,99.0,124.0,244.0,37.0,98.0,105.0,123.0,1234.0,59.0,314.0,112.0,397.0,49.0,114.0,485.0,61.0,425.0,169.0
2020-06-06,167.0,379.0,1721.0,20994.0,172.0,477.0,15.0,155.0,73.0,300.0,501.0,99.0,91.0,37.0,309.0,86.0,85.0,18.0,6.0,163.0,41.0,260.0,107.0,130.0,253.0,41.0,100.0,107.0,123.0,1320.0,64.0,339.0,112.0,400.0,50.0,114.0,488.0,65.0,431.0,176.0
2020-06-07,180.0,380.0,1856.0,22150.0,175.0,483.0,17.0,166.0,73.0,308.0,517.0,99.0,91.0,37.0,323.0,86.0,85.0,18.0,6.0,163.0,43.0,260.0,116.0,140.0,256.0,41.0,103.0,114.0,126.0,1375.0,65.0,353.0,116.0,402.0,56.0,114.0,494.0,74.0,442.0,181.0
2020-06-08,193.0,381.0,1990.0,23299.0,175.0,493.0,22.0,175.0,75.0,328.0,535.0,106.0,91.0,37.0,328.0,91.0,85.0,18.0,6.0,163.0,46.0,266.0,122.0,148.0,261.0,48.0,106.0,118.0,128.0,1432.0,68.0,379.0,116.0,406.0,56.0,114.0,505.0,109.0,446.0,185.0
2020-06-09,205.0,384.0,2148.0,24546.0,180.0,493.0,23.0,181.0,77.0,331.0,568.0,107.0,91.0,37.0,344.0,98.0,85.0,18.0,6.0,164.0,50.0,294.0,128.0,149.0,271.0,48.0,106.0,126.0,129.0,1522.0,75.0,389.0,120.0,416.0,56.0,114.0,524.0,125.0,447.0,186.0
2020-06-10,212.0,384.0,2330.0,25938.0,181.0,500.0,27.0,184.0,78.0,335.0,601.0,117.0,91.0,38.0,354.0,102.0,89.0,18.0,6.0,164.0,55.0,294.0,136.0,174.0,273.0,50.0,106.0,128.0,138.0,1627.0,89.0,413.0,132.0,423.0,56.0,114.0,550.0,136.0,454.0,191.0
2020-06-11,229.0,387.0,2446.0,27399.0,184.0,519.0,27.0,195.0,78.0,339.0,624.0,120.0,91.0,38.0,374.0,115.0,90.0,18.0,6.0,165.0,55.0,294.0,143.0,195.0,282.0,56.0,111.0,134.0,141.0,1702.0,105.0,423.0,142.0,426.0,57.0,114.0,567.0,145.0,461.0,196.0
2020-06-12,248.0,391.0,2571.0,28925.0,187.0,523.0,28.0,197.0,80.0,355.0,651.0,121.0,92.0,38.0,405.0,116.0,92.0,18.0,6.0,167.0,61.0,309.0,145.0,199.0,287.0,68.0,115.0,141.0,142.0,1798.0,111.0,441.0,148.0,441.0,57.0,115.0,588.0,147.0,470.0,203.0
2020-06-13,264.0,392.0,2707.0,30445.0,187.0,535.0,30.0,206.0,80.0,366.0,673.0,132.0,97.0,38.0,420.0,116.0,92.0,18.0,6.0,169.0,61.0,309.0,145.0,201.0,292.0,81.0,118.0,151.0,142.0,1843.0,126.0,471.0,154.0,459.0,59.0,115.0,638.0,160.0,483.0,205.0
2020-06-14,285.0,392.0,2884.0,31897.0,190.0,535.0,31.0,217.0,81.0,380.0,710.0,134.0,98.0,39.0,437.0,123.0,92.0,18.0,6.0,170.0,61.0,309.0,168.0,207.0,299.0,96.0,134.0,156.0,150.0,1911.0,134.0,500.0,163.0,480.0,61.0,116.0,673.0,170.0,499.0,212.0
2020-06-15,303.0,393.0,3007.0,33245.0,194.0,562.0,38.0,219.0,81.0,387.0,752.0,139.0,98.0,41.0,453.0,133.0,92.0,21.0,6.0,170.0,72.0,317.0,168.0,244.0,302.0,129.0,144.0,168.0,161.0,1968.0,144.0,538.0,171.0,505.0,62.0,117.0,703.0,191.0,502.0,221.0
2020-06-16,314.0,397.0,3110.0,34246.0,197.0,570.0,38.0,233.0,81.0,388.0,804.0,143.0,99.0,41.0,475.0,176.0,94.0,21.0,6.0,172.0,72.0,327.0,170.0,321.0,307.0,131.0,157.0,172.0,165.0,1991.0,154.0,539.0,171.0,523.0,67.0,117.0,770.0,197.0,520.0,230.0
2020-06-17,339.0,397.0,3273.0,35557.0,201.0,647.0,48.0,248.0,81.0,404.0,865.0,150.0,107.0,44.0,504.0,189.0,96.0,26.0,6.0,172.0,81.0,338.0,208.0,391.0,332.0,141.0,162.0,184.0,168.0,2083.0,169.0,589.0,179.0,538.0,67.0,118.0,818.0,212.0,540.0,250.0
2020-06-18,355.0,400.0,3287.0,37071.0,225.0,648.0,53.0,249.0,84.0,407.0,946.0,169.0,110.0,44.0,506.0,191.0,96.0,30.0,6.0,174.0,94.0,350.0,236.0,414.0,347.0,148.0,196.0,205.0,174.0,2201.0,180.0,616.0,189.0,568.0,71.0,122.0,845.0,266.0,567.0,263.0
2020-06-19,371.0,407.0,3434.0,38328.0,258.0,649.0,56.0,271.0,87.0,414.0,1002.0,171.0,113.0,57.0,561.0,201.0,96.0,34.0,6.0,175.0,98.0,381.0,259.0,419.0,356.0,156.0,210.0,214.0,189.0,2337.0,192.0,631.0,207.0,600.0,79.0,123.0,855.0,372.0,590.0,265.0
2020-06-20,392.0,414.0,3622.0,39642.0,269.0,665.0,58.0,277.0,88.0,416.0,1096.0,182.0,114.0,63.0,647.0,205.0,96.0,34.0,6.0,178.0,105.0,400.0,283.0,478.0,399.0,171.0,218.0,224.0,197.0,2460.0,194.0,677.0,230.0,628.0,90.0,123.0,985.0,407.0,613.0,276.0
2020-06-21,400.0,420.0,3747.0,41173.0,282.0,767.0,63.0,304.0,95.0,437.0,1160.0,188.0,119.0,63.0,716.0,212.0,98.0,35.0,6.0,178.0,106.0,401.0,313.0,480.0,411.0,191.0,241.0,273.0,204.0,2580.0,224.0,679.0,266.0,656.0,92.0,127.0,1062.0,495.0,643.0,289.0
2020-06-22,416.0,432.0,3874.0,42753.0,294.0,825.0,66.0,311.0,97.0,445.0,1216.0,198.0,123.0,72.0,860.0,229.0,103.0,37.0,6.0,179.0,122.0,401.0,331.0,535.0,428.0,219.0,261.0,309.0,240.0,2691.0,237.0,741.0,310.0,660.0,107.0,128.0,1201.0,509.0,668.0,294.0
2020-06-23,430.0,432.0,4032.0,44206.0,306.0,852.0,77.0,356.0,101.0,487.0,1287.0,200.0,124.0,77.0,999.0,283.0,103.0,54.0,6.0,191.0,124.0,401.0,353.0,561.0,433.0,219.0,272.0,320.0,288.0,2872.0,247.0,780.0,352.0,664.0,115.0,130.0,1315.0,544.0,679.0,320.0
2020-06-24,484.0,440.0,4204.0,45815.0,328.0,894.0,79.0,366.0,103.0,498.0,1376.0,220.0,133.0,81.0,1084.0,346.0,104.0,54.0,6.0,196.0,137.0,402.0,354.0,567.0,490.0,226.0,277.0,336.0,369.0,2953.0,278.0,834.0,434.0,696.0,127.0,131.0,1374.0,598.0,716.0,361.0
2020-06-25,545.0,450.0,4409.0,47651.0,361.0,914.0,81.0,376.0,110.0,520.0,1489.0,275.0,137.0,83.0,1290.0,352.0,104.0,56.0,6.0,197.0,138.0,402.0,490.0,589.0,580.0,251.0,286.0,358.0,441.0,3131.0,283.0,858.0,461.0,705.0,141.0,138.0,1430.0,768.0,757.0,369.0
2020-06-26,608.0,454.0,4653.0,49691.0,407.0,931.0,87.0,409.0,114.0,577.0,1581.0,295.0,139.0,97.0,1488.0,377.0,111.0,62.0,6.0,199.0,148.0,402.0,562.0,642.0,685.0,256.0,294.0,383.0,481.0,3323.0,301.0,891.0,493.0,726.0,142.0,151.0,1500.0,919.0,774.0,400.0
2020-06-27,625.0,458.0,4913.0,51700.0,442.0,942.0,95.0,434.0,126.0,602.0,1684.0,324.0,140.0,125.0,1714.0,417.0,113.0,72.0,6.0,203.0,167.0,403.0,664.0,741.0,690.0,283.0,303.0,397.0,517.0,3466.0,347.0,934.0,503.0,739.0,157.0,157.0,1626.0,1029.0,827.0,401.0
2020-06-28,667.0,461.0,5053.0,53763.0,474.0,984.0,103.0,435.0,138.0,757.0,1792.0,348.0,140.0,130.0,2006.0,418.0,115.0,77.0,6.0,204.0,203.0,403.0,758.0,752.0,796.0,294.0,332.0,421.0,579.0,3570.0,434.0,968.0,546.0,760.0,180.0,160.0,1769.0,1113.0,876.0,451.0
2020-06-29,700.0,462.0,5244.0,55970.0,542.0,1009.0,104.0,503.0,150.0,814.0,1877.0,369.0,141.0,154.0,2313.0,420.0,118.0,90.0,6.0,208.0,230.0,406.0,819.0,752.0,839.0,315.0,335.0,425.0,630.0,3702.0,449.0,1005.0,636.0,767.0,195.0,170.0,1810.0,1259.0,929.0,532.0
2020-06-30,717.0,462.0,5421.0,58328.0,552.0,1075.0,115.0,537.0,171.0,900.0,1978.0,388.0,144.0,160.0,2568.0,422.0,123.0,95.0,6.0,208.0,250.0,406.0,855.0,776.0,866.0,367.0,347.0,449.0,706.0,3876.0,461.0,1045.0,682.0,812.0,214.0,190.0,1826.0,1326.0,977.0,581.0
2020-07-01,737.0,463.0,5650.0,60534.0,575.0,1083.0,120.0,572.0,190.0,928.0,2068.0,421.0,149.0,166.0,2869.0,431.0,123.0,113.0,6.0,208.0,280.0,410.0,968.0,784.0,1032.0,394.0,368.0,456.0,740.0,4024.0,474.0,1060.0,701.0,846.0,228.0,198.0,1861.0,1402.0,1006.0,626.0
2020-07-02,750.0,463.0,5809.0,62599.0,622.0,1126.0,127.0,666.0,205.0,1067.0,2152.0,456.0,153.0,176.0,3144.0,434.0,125.0,123.0,6.0,214.0,310.0,412.0,1085.0,913.0,1120.0,457.0,387.0,466.0,805.0,4213.0,502.0,1130.0,755.0,895.0,230.0,204.0,2031.0,1539.0,1048.0,702.0
2020-07-03,765.0,463.0,6141.0,64690.0,659.0,1145.0,141.0,683.0,220.0,1152.0,2273.0,509.0,157.0,190.0,3434.0,447.0,129.0,125.0,6.0,214.0,328.0,413.0,1159.0,1000.0,1213.0,502.0,391.0,479.0,931.0,4389.0,519.0,1157.0,803.0,937.0,262.0,207.0,2183.0,1685.0,1082.0,767.0
2020-07-04,772.0,466.0,6357.0,66539.0,726.0,1220.0,146.0,698.0,236.0,1173.0,2405.0,572.0,160.0,195.0,3787.0,453.0,133.0,129.0,6.0,217.0,370.0,415.0,1308.0,1105.0,1283.0,551.0,408.0,482.0,989.0,4642.0,530.0,1222.0,886.0,998.0,307.0,208.0,2357.0,1770.0,1139.0,870.0
2020-07-05,798.0,468.0,6635.0,68255.0,755.0,1259.0,155.0,769.0,262.0,1255.0,2548.0,580.0,170.0,205.0,4096.0,459.0,137.0,130.0,6.0,218.0,426.0,416.0,1401.0,1170.0,1333.0,638.0,448.0,497.0,1013.0,4852.0,545.0,1264.0,972.0,1046.0,309.0,214.0,2499.0,1950.0,1248.0,983.0
2020-07-06,811.0,475.0,6855.0,70018.0,816.0,1279.0,162.0,790.0,302.0,1296.0,2730.0,658.0,174.0,220.0,4349.0,484.0,141.0,156.0,6.0,220.0,451.0,421.0,1470.0,1215.0,1374.0,690.0,468.0,500.0,1132.0,5029.0,559.0,1373.0,1004.0,1130.0,332.0,230.0,2536.0,1998.0,1294.0,1063.0
2020-07-07,824.0,475.0,6944.0,71231.0,853.0,1344.0,166.0,795.0,304.0,1324.0,2837.0,777.0,178.0,223.0,4685.0,488.0,146.0,156.0,6.0,220.0,494.0,421.0,1495.0,1334.0,1426.0,702.0,530.0,534.0,1226.0,5251.0,582.0,1518.0,1059.0,1311.0,372.0,247.0,2635.0,2115.0,1295.0,1316.0
2020-07-08,855.0,487.0,7217.0,72501.0,941.0,1415.0,198.0,804.0,314.0,1335.0,2971.0,892.0,186.0,237.0,5068.0,499.0,158.0,166.0,6.0,223.0,525.0,421.0,1560.0,1347.0,1495.0,737.0,558.0,545.0,1301.0,5553.0,620.0,1660.0,1077.0,1316.0,382.0,272.0,2690.0,2276.0,1401.0,1386.0
2020-07-09,913.0,492.0,7388.0,73729.0,1040.0,1482.0,251.0,807.0,331.0,1589.0,3039.0,985.0,189.0,243.0,5310.0,524.0,175.0,178.0,6.0,225.0,571.0,422.0,1622.0,1426.0,1588.0,801.0,589.0,577.0,1391.0,5923.0,660.0,1856.0,1170.0,1425.0,401.0,275.0,2760.0,2362.0,1432.0,1683.0
2020-07-10,936.0,497.0,7637.0,74970.0,1085.0,1495.0,266.0,815.0,345.0,1671.0,3100.0,1090.0,194.0,245.0,5493.0,527.0,178.0,187.0,6.0,226.0,610.0,422.0,1707.0,1437.0,1716.0,846.0,598.0,626.0,1499.0,6121.0,687.0,2051.0,1273.0,1567.0,429.0,298.0,2863.0,2504.0,1473.0,1826.0
2020-07-11,967.0,509.0,7874.0,76159.0,1156.0,1512.0,280.0,821.0,387.0,1773.0,3219.0,1223.0,200.0,261.0,5768.0,533.0,190.0,189.0,6.0,228.0,646.0,422.0,1790.0,1485.0,1853.0,912.0,665.0,653.0,1618.0,6467.0,700.0,2226.0,1401.0,1645.0,438.0,304.0,2927.0,2640.0,1517.0,1921.0
2020-07-12,981.0,513.0,8122.0,77339.0,1275.0,1528.0,283.0,852.0,407.0,1841.0,3607.0,1326.0,205.0,273.0,6089.0,539.0,202.0,193.0,6.0,229.0,691.0,422.0,1865.0,1531.0,1953.0,988.0,683.0,688.0,1733.0,6701.0,714.0,2363.0,1504.0,1774.0,464.0,307.0,3078.0,2790.0,1521.0,2161.0
2020-07-13,1003.0,513.0,8285.0,78574.0,1305.0,1553.0,300.0,854.0,440.0,1897.0,3980.0,1511.0,206.0,283.0,6550.0,566.0,217.0,232.0,6.0,231.0,749.0,422.0,1908.0,1657.0,2053.0,1017.0,721.0,710.0,1867.0,6976.0,773.0,2487.0,1598.0,1891.0,481.0,318.0,3164.0,2920.0,1664.0,2187.0
2020-07-14,1028.0,542.0,8555.0,79663.0,1494.0,1567.0,302.0,1011.0,469.0,1954.0,4092.0,1633.0,211.0,294.0,7001.0,575.0,231.0,268.0,6.0,232.0,805.0,422.0,1972.0,1667.0,2112.0,1129.0,824.0,739.0,1920.0,7338.0,792.0,2599.0,1715.0,1951.0,511.0,329.0,3226.0,3116.0,1785.0,2515.0
2020-07-15,1044.0,585.0,8743.0,80962.0,1605.0,1626.0,306.0,1131.0,478.0,2029.0,4256.0,1765.0,214.0,326.0,7342.0,580.0,240.0,287.0,6.0,235.0,856.0,422.0,2092.0,1733.0,2139.0,1229.0,842.0,810.0,1979.0,7619.0,801.0,2868.0,1814.0,2114.0,528.0,352.0,3351.0,3209.0,1882.0,2691.0
2020-07-16,1066.0,599.0,8910.0,82129.0,1658.0,1648.0,331.0,1258.0,486.0,2099.0,4311.0,1911.0,221.0,348.0,7608.0,588.0,259.0,330.0,6.0,245.0,907.0,424.0,2183.0,1880.0,2209.0,1314.0,859.0,836.0,2057.0,8153.0,821.0,3042.0,1902.0,2244.0,554.0,391.0,3565.0,3463.0,1988.0,2837.0
2020-07-17,1088.0,609.0,9037.0,83378.0,1799.0,1692.0,366.0,1421.0,490.0,2157.0,4423.0,2061.0,235.0,365.0,7869.0,588.0,306.0,381.0,6.0,254.0,983.0,424.0,2265.0,1937.0,2272.0,1386.0,926.0,953.0,2233.0,8375.0,836.0,3231.0,2004.0,2361.0,562.0,419.0,3711.0,3646.0,2101.0,3036.0
2020-07-18,1112.0,620.0,9362.0,84599.0,1919.0,1727.0,420.0,1528.0,499.0,2234.0,4520.0,2207.0,248.0,399.0,8055.0,610.0,333.0,420.0,6.0,258.0,1017.0,424.0,2332.0,2044.0,2320.0,1564.0,1019.0,1132.0,2378.0,8748.0,865.0,3392.0,2126.0,2520.0,565.0,443.0,3783.0,3832.0,2198.0,3215.0
2020-07-19,1133.0,634.0,9660.0,85860.0,2057.0,1772.0,488.0,1667.0,503.0,2349.0,4740.0,2338.0,262.0,407.0,8262.0,625.0,344.0,496.0,6.0,268.0,1092.0,424.0,2458.0,2109.0,2381.0,1657.0,1096.0,1162.0,2498.0,9156.0,901.0,3543.0,2265.0,2623.0,614.0,483.0,3918.0,3966.0,2274.0,3481.0
2020-07-20,1148.0,647.0,10029.0,87236.0,2197.0,1865.0,524.0,1745.0,535.0,2438.0,5096.0,2429.0,273.0,433.0,8368.0,630.0,369.0,523.0,6.0,276.0,1163.0,424.0,2541.0,2218.0,2460.0,1738.0,1200.0,1246.0,2605.0,9470.0,947.0,3745.0,2343.0,2799.0,614.0,517.0,4072.0,4086.0,2361.0,3651.0
2020-07-21,1175.0,684.0,10291.0,88378.0,2373.0,1923.0,530.0,1790.0,538.0,2485.0,5363.0,2588.0,297.0,471.0,8528.0,668.0,381.0,526.0,6.0,287.0,1203.0,424.0,2619.0,2392.0,2545.0,1813.0,1259.0,1317.0,2736.0,9820.0,1020.0,4016.0,2470.0,2867.0,649.0,551.0,4235.0,4244.0,2458.0,4012.0
2020-07-22,1203.0,710.0,10497.0,89562.0,2553.0,1993.0,532.0,1891.0,544.0,2567.0,5698.0,2741.0,300.0,540.0,8716.0,682.0,423.0,538.0,6.0,302.0,1262.0,424.0,2708.0,2806.0,2646.0,1886.0,1344.0,1423.0,2903.0,10256.0,1065.0,4343.0,2686.0,2988.0,709.0,577.0,4446.0,4377.0,2563.0,4375.0
2020-07-23,1219.0,759.0,10890.0,90901.0,2791.0,2072.0,551.0,1995.0,565.0,2701.0,6011.0,2878.0,327.0,571.0,8995.0,686.0,460.0,597.0,6.0,309.0,1375.0,424.0,2808.0,3023.0,2695.0,1950.0,1412.0,1543.0,3091.0,10673.0,1067.0,4758.0,2872.0,3235.0,778.0,610.0,4639.0,4490.0,2675.0,4855.0
2020-07-24,1246.0,796.0,11310.0,92207.0,2980.0,2164.0,587.0,2077.0,590.0,2883.0,6362.0,3144.0,332.0,653.0,9313.0,725.0,487.0,631.0,6.0,325.0,1470.0,424.0,2881.0,3245.0,2818.0,2032.0,1506.0,1731.0,3325.0,11054.0,1162.0,5073.0,3089.0,3403.0,828.0,627.0,4783.0,4664.0,2828.0,5281.0
2020-07-25,1262.0,800.0,11766.0,93538.0,3251.0,2252.0,616.0,2180.0,612.0,2988.0,6797.0,3413.0,356.0,684.0,9606.0,735.0,538.0,671.0,6.0,350.0,1580.0,424.0,2967.0,3489.0,2931.0,2117.0,1607.0,1893.0,3560.0,11441.0,1262.0,5393.0,3289.0,3611.0,914.0,678.0,4935.0,4872.0,2985.0,5661.0
2020-07-26,1293.0,827.0,12268.0,94696.0,3473.0,2417.0,746.0,2383.0,644.0,3115.0,7162.0,3630.0,368.0,736.0,9816.0,767.0,548.0,702.0,6.0,376.0,1693.0,425.0,3056.0,3856.0,3087.0,2205.0,1682.0,2046.0,3777.0,11922.0,1355.0,5644.0,3420.0,3789.0,957.0,710.0,5111.0,5068.0,3193.0,6047.0
2020-07-27,1304.0,876.0,12719.0,95858.0,3789.0,2527.0,778.0,2516.0,671.0,3353.0,7528.0,3869.0,375.0,796.0,10068.0,789.0,584.0,741.0,6.0,397.0,1791.0,425.0,3110.0,4129.0,3271.0,2249.0,1794.0,2161.0,4057.0,12366.0,1422.0,5998.0,3604.0,3979.0,1008.0,747.0,5378.0,5254.0,3332.0,6390.0
2020-07-28,1345.0,893.0,13350.0,96439.0,4066.0,2670.0,786.0,2631.0,682.0,3548.0,8018.0,4093.0,392.0,837.0,10403.0,803.0,604.0,746.0,6.0,422.0,1920.0,425.0,3148.0,4328.0,3395.0,2308.0,1844.0,2367.0,4341.0,12852.0,1554.0,6380.0,3755.0,4366.0,1063.0,767.0,5646.0,5403.0,3423.0,6972.0
2020-07-29,1354.0,897.0,13843.0,97576.0,4358.0,2790.0,796.0,2687.0,706.0,3683.0,8423.0,4295.0,435.0,944.0,10629.0,859.0,632.0,755.0,6.0,449.0,2002.0,425.0,3185.0,4513.0,3514.0,2352.0,1911.0,2555.0,4472.0,13230.0,1667.0,6693.0,3889.0,4745.0,1102.0,805.0,5825.0,5510.0,3561.0,7344.0
2020-07-30,1382.0,914.0,14199.0,98768.0,4661.0,2931.0,811.0,2825.0,716.0,3776.0,8605.0,4543.0,473.0,970.0,10849.0,887.0,680.0,788.0,6.0,476.0,2130.0,425.0,3231.0,4791.0,3584.0,2427.0,1968.0,2652.0,4733.0,13527.0,1671.0,6914.0,4011.0,5018.0,1149.0,837.0,6012.0,5695.0,3656.0,7590.0
2020-07-31,1389.0,918.0,14536.0,99795.0,4835.0,3090.0,815.0,2877.0,750.0,3795.0,9095.0,4713.0,500.0,988.0,11020.0,937.0,722.0,790.0,6.0,531.0,2243.0,425.0,3271.0,5152.0,3708.0,2491.0,2032.0,2749.0,5032.0,13882.0,1699.0,7209.0,4146.0,5228.0,1196.0,883.0,6054.0,5893.0,3826.0,7953.0
2020-08-01,1424.0,950.0,14868.0,100878.0,5073.0,3273.0,824.0,2958.0,758.0,3857.0,9385.0,4911.0,536.0,1062.0,11186.0,974.0,756.0,826.0,6.0,551.0,2334.0,425.0,3309.0,5322.0,3756.0,2552.0,2210.0,2916.0,5359.0,14174.0,1744.0,7452.0,4282.0,5409.0,1217.0,919.0,6306.0,6087.0,3985.0,8239.0
2020-08-02,1450.0,1023.0,15314.0,101952.0,5244.0,3417.0,841.0,3055.0,780.0,3890.0,9786.0,5112.0,564.0,1122.0,11363.0,991.0,785.0,836.0,6.0,578.0,2459.0,425.0,3354.0,5491.0,3890.0,2597.0,2315.0,3009.0,5668.0,14476.0,1787.0,7730.0,4416.0,5588.0,1284.0,959.0,6448.0,6260.0,4084.0,8579.0
2020-08-03,1465.0,1045.0,15659.0,102986.0,5472.0,3584.0,843.0,3131.0,793.0,3956.0,10096.0,5327.0,583.0,1190.0,11466.0,1019.0,829.0,873.0,6.0,597.0,2547.0,425.0,3416.0,5874.0,3954.0,2660.0,2397.0,3155.0,5973.0,14796.0,1805.0,7948.0,4517.0,5657.0,1328.0,1004.0,6662.0,6394.0,4174.0,8931.0
2020-08-04,1477.0,1094.0,15919.0,104028.0,5702.0,3848.0,845.0,3196.0,815.0,4105.0,10304.0,5455.0,606.0,1216.0,11498.0,1075.0,863.0,887.0,6.0,601.0,2590.0,426.0,3465.0,5952.0,4017.0,2803.0,2443.0,3244.0,6265.0,15142.0,1836.0,8137.0,4603.0,5813.0,1394.0,1010.0,6795.0,6544.0,4224.0,9357.0
2020-08-05,1499.0,1130.0,16486.0,105005.0,5819.0,4018.0,862.0,3267.0,855.0,4113.0,10656.0,5627.0,658.0,1226.0,11604.0,1119.0,896.0,921.0,6.0,622.0,2742.0,426.0,3499.0,6095.0,4174.0,2868.0,2564.0,3323.0,6543.0,15616.0,1857.0,8312.0,4733.0,5836.0,1406.0,1034.0,6907.0,6723.0,4301.0,9427.0
2020-08-06,1527.0,1154.0,16899.0,106097.0,6011.0,4234.0,869.0,3396.0,914.0,4181.0,10994.0,5849.0,684.0,1283.0,11700.0,1123.0,918.0,943.0,6.0,626.0,2831.0,426.0,3519.0,6364.0,4337.0,2894.0,2629.0,3485.0,6840.0,15936.0,1880.0,8552.0,4834.0,6087.0,1486.0,1069.0,7060.0,6915.0,4378.0,9529.0
2020-08-07,1530.0,1205.0,17229.0,107110.0,6241.0,4447.0,884.0,3530.0,981.0,4320.0,11175.0,6035.0,710.0,1330.0,11808.0,1201.0,952.0,955.0,6.0,695.0,3004.0,426.0,3562.0,6619.0,4506.0,2958.0,2748.0,3702.0,7192.0,16266.0,1925.0,8750.0,4939.0,6281.0,1548.0,1099.0,7314.0,7074.0,4452.0,9630.0
2020-08-08,1536.0,1245.0,17413.0,108125.0,6464.0,4630.0,905.0,3812.0,1038.0,4444.0,11423.0,6242.0,742.0,1381.0,11909.0,1278.0,981.0,972.0,6.0,740.0,3126.0,426.0,3601.0,6766.0,4544.0,3013.0,2952.0,3935.0,7542.0,16658.0,1953.0,9007.0,5032.0,6441.0,1602.0,1116.0,7612.0,7224.0,4525.0,9861.0
2020-08-09,1550.0,1291.0,17813.0,109118.0,6684.0,4776.0,934.0,3943.0,1090.0,4530.0,11808.0,6368.0,775.0,1442.0,12016.0,1347.0,1019.0,982.0,6.0,772.0,3265.0,426.0,3662.0,6986.0,4708.0,3062.0,3132.0,4090.0,7902.0,17059.0,2004.0,9261.0,5129.0,6594.0,1655.0,1164.0,7834.0,7373.0,4592.0,10054.0
2020-08-10,1564.0,1345.0,18334.0,110122.0,6975.0,5063.0,952.0,4116.0,1127.0,4614.0,12132.0,6573.0,820.0,1500.0,12115.0,1406.0,1048.0,989.0,6.0,807.0,3400.0,426.0,3698.0,7173.0,4830.0,3122.0,3246.0,4216.0,8261.0,17386.0,2032.0,9459.0,5170.0,6678.0,1739.0,1207.0,7990.0,7564.0,4682.0,10243.0
2020-08-11,1572.0,1432.0,18737.0,111055.0,7310.0,5346.0,960.0,4269.0,1141.0,4689.0,12471.0,6766.0,852.0,1543.0,12206.0,1451.0,1061.0,991.0,6.0,843.0,3464.0,428.0,3735.0,7509.0,5037.0,3179.0,3382.0,4347.0,8558.0,17752.0,2119.0,9571.0,5250.0,6817.0,1776.0,1243.0,8155.0,7741.0,4775.0,10425.0
2020-08-12,1586.0,1497.0,19177.0,112060.0,7606.0,5687.0,967.0,4311.0,1190.0,4700.0,12853.0,6883.0,892.0,1550.0,12377.0,1523.0,1092.0,1014.0,6.0,862.0,3610.0,428.0,3796.0,7751.0,5256.0,3265.0,3481.0,4407.0,8840.0,18142.0,2125.0,9728.0,5386.0,6954.0,1849.0,1325.0,8281.0,7788.0,4873.0,10717.0
2020-08-13,1593.0,1573.0,19642.0,113059.0,7898.0,5945.0,988.0,4451.0,1232.0,4795.0,13086.0,7070.0,932.0,1559.0,12526.0,1594.0,1140.0,1020.0,6.0,893.0,3738.0,428.0,3856.0,7808.0,5430.0,3329.0,3632.0,4562.0,9126.0,18523.0,2152.0,9832.0,5550.0,7128.0,1913.0,1389.0,8434.0,7933.0,4968.0,10937.0
2020-08-14,1603.0,1642.0,20082.0,114261.0,8288.0,6167.0,1023.0,4589.0,1360.0,4826.0,13410.0,7198.0,943.0,1572.0,12572.0,1624.0,1172.0,1034.0,6.0,917.0,3894.0,428.0,3914.0,7985.0,5623.0,3397.0,3725.0,4653.0,9493.0,19004.0,2208.0,9892.0,5654.0,7245.0,1982.0,1441.0,8516.0,8096.0,5095.0,11026.0
2020-08-15,1621.0,1715.0,20467.0,115445.0,8583.0,6507.0,1041.0,4710.0,1375.0,4907.0,13577.0,7379.0,986.0,1631.0,12654.0,1706.0,1209.0,1057.0,6.0,943.0,4066.0,428.0,3973.0,8239.0,5823.0,3446.0,3814.0,4765.0,9707.0,19428.0,2260.0,9971.0,5762.0,7414.0,2048.0,1505.0,8624.0,8254.0,5179.0,11195.0
2020-08-16,1623.0,1792.0,20913.0,116651.0,8981.0,6692.0,1063.0,4820.0,1471.0,4969.0,13877.0,7512.0,1016.0,1678.0,12775.0,1772.0,1249.0,1081.0,6.0,992.0,4253.0,428.0,4031.0,8380.0,6003.0,3500.0,3905.0,4889.0,9913.0,19916.0,2325.0,10066.0,5867.0,7538.0,2063.0,1541.0,8722.0,8516.0,5310.0,11271.0
2020-08-17,1635.0,1868.0,21153.0,117840.0,9376.0,7083.0,1089.0,4975.0,1608.0,5022.0,14036.0,7719.0,1052.0,1692.0,12899.0,1782.0,1315.0,1107.0,6.0,1029.0,4418.0,428.0,4080.0,8534.0,6271.0,3549.0,4052.0,5001.0,10193.0,20225.0,2396.0,10142.0,5990.0,7641.0,2135.0,1611.0,8799.0,8572.0,5449.0,11488.0
2020-08-18,1636.0,1941.0,21501.0,119060.0,9772.0,7334.0,1100.0,5128.0,1666.0,5089.0,14297.0,7866.0,1098.0,1708.0,12966.0,1852.0,1354.0,1113.0,6.0,1064.0,4525.0,428.0,4129.0,8669.0,6557.0,3604.0,4146.0,5131.0,10488.0,20664.0,2437.0,10210.0,6113.0,7759.0,2209.0,1657.0,8924.0,8659.0,5566.0,11543.0
2020-08-19,1640.0,1992.0,21826.0,120268.0,10172.0,7573.0,1118.0,5231.0,1752.0,5146.0,14549.0,7988.0,1137.0,1727.0,13078.0,1920.0,1389.0,1144.0,6.0,1102.0,4631.0,428.0,4165.0,8794.0,6852.0,3671.0,4214.0,5246.0,10776.0,21051.0,2557.0,10312.0,6212.0,7899.0,2260.0,1717.0,9019.0,8840.0,5635.0,11727.0
2020-08-20,1646.0,2030.0,22288.0,121451.0,10572.0,7847.0,1124.0,5368.0,1830.0,5230.0,14843.0,8111.0,1171.0,1730.0,13160.0,1939.0,1439.0,1202.0,6.0,1130.0,4736.0,428.0,4215.0,8936.0,7209.0,3719.0,4355.0,5359.0,11013.0,21448.0,2618.0,10395.0,6335.0,8064.0,2349.0,1784.0,9131.0,8950.0,5710.0,11879.0
2020-08-21,1656.0,2115.0,22739.0,122758.0,10971.0,8092.0,1148.0,5497.0,1933.0,5287.0,15032.0,8268.0,1214.0,1780.0,13248.0,1988.0,1504.0,1244.0,6.0,1170.0,4835.0,428.0,4323.0,9113.0,7475.0,3756.0,4473.0,5458.0,11135.0,21802.0,2686.0,10524.0,6439.0,8214.0,2444.0,1885.0,9190.0,9151.0,5833.0,11931.0
2020-08-22,1661.0,2164.0,23147.0,124072.0,11372.0,8403.0,1175.0,5624.0,2050.0,5345.0,15290.0,8376.0,1254.0,1810.0,13339.0,2069.0,1543.0,1262.0,6.0,1177.0,4989.0,428.0,4363.0,9206.0,7765.0,3817.0,4603.0,5567.0,11279.0,22168.0,2761.0,10646.0,6560.0,8356.0,2517.0,1957.0,9277.0,9395.0,5959.0,11973.0
2020-08-23,1675.0,2228.0,23500.0,125390.0,11765.0,8785.0,1187.0,5802.0,2097.0,5435.0,15515.0,8558.0,1303.0,1829.0,13444.0,2091.0,1585.0,1349.0,6.0,1207.0,5144.0,428.0,4401.0,9361.0,8028.0,3860.0,4751.0,5683.0,11449.0,22499.0,2790.0,10737.0,6660.0,8503.0,2571.0,2030.0,9378.0,9574.0,6119.0,11983.0
2020-08-24,1686.0,2280.0,23808.0,126678.0,12155.0,9157.0,1195.0,5934.0,2278.0,5491.0,15743.0,8707.0,1326.0,1887.0,13519.0,2156.0,1643.0,1424.0,6.0,1235.0,5332.0,428.0,4431.0,9482.0,8300.0,3909.0,4840.0,5797.0,11642.0,22805.0,2902.0,10838.0,6764.0,8581.0,2628.0,2109.0,9523.0,9733.0,6275.0,12040.0
2020-08-25,1693.0,2334.0,24131.0,127950.0,12481.0,9527.0,1203.0,6055.0,2422.0,5543.0,15961.0,8860.0,1354.0,1933.0,13601.0,2307.0,1700.0,1497.0,6.0,1257.0,5448.0,428.0,4500.0,9668.0,8597.0,3952.0,4926.0,5872.0,11868.0,23108.0,2961.0,10903.0,6873.0,8786.0,2667.0,2153.0,9628.0,9868.0,6460.0,12137.0
2020-08-26,1697.0,2378.0,24430.0,129248.0,12968.0,9816.0,1237.0,6092.0,2524.0,5615.0,16296.0,9014.0,1388.0,1964.0,13632.0,2393.0,1767.0,1498.0,6.0,1275.0,5593.0,428.0,4539.0,9790.0,9052.0,3967.0,5037.0,5987.0,12052.0,23377.0,3068.0,11011.0,6957.0,8927.0,2723.0,2251.0,9682.0,10026.0,6657.0,12216.0
2020-08-27,1712.0,2452.0,24751.0,130565.0,13412.0,10078.0,1238.0,6189.0,2646.0,5685.0,16531.0,9114.0,1422.0,1997.0,13696.0,2485.0,1849.0,1523.0,6.0,1294.0,5730.0,428.0,4615.0,9953.0,9465.0,4033.0,5099.0,6109.0,12183.0,23673.0,3162.0,11110.0,7072.0,9034.0,2761.0,2347.0,9782.0,10185.0,6804.0,12369.0
2020-08-28,1718.0,2519.0,25060.0,131870.0,13911.0,10336.0,1254.0,6283.0,2761.0,5758.0,16704.0,9195.0,1458.0,2026.0,13799.0,2541.0,1945.0,1562.0,6.0,1303.0,5827.0,428.0,4644.0,10091.0,9901.0,4088.0,5157.0,6239.0,12297.0,23972.0,3282.0,11214.0,7158.0,9164.0,2809.0,2468.0,9990.0,10338.0,6958.0,12521.0
2020-08-29,1730.0,2579.0,25368.0,133174.0,14407.0,10757.0,1272.0,6410.0,2917.0,5840.0,16951.0,9356.0,1488.0,2066.0,13905.0,2642.0,2014.0,1577.0,6.0,1322.0,5951.0,428.0,4681.0,10211.0,10334.0,4121.0,5233.0,6374.0,12424.0,24237.0,3392.0,11303.0,7261.0,9317.0,2840.0,2567.0,10149.0,10525.0,7131.0,12647.0
2020-08-30,1738.0,2670.0,25765.0,134437.0,14908.0,11142.0,1286.0,6499.0,3075.0,6067.0,17156.0,9480.0,1541.0,2135.0,14041.0,2779.0,2079.0,1610.0,6.0,1346.0,6061.0,428.0,4703.0,10407.0,10669.0,4154.0,5318.0,6495.0,12603.0,24521.0,3487.0,11398.0,7380.0,9453.0,2874.0,2659.0,10318.0,10689.0,7315.0,12710.0
2020-08-31,1751.0,2746.0,26111.0,135598.0,15504.0,11451.0,1303.0,6623.0,3203.0,6133.0,17352.0,9578.0,1589.0,2148.0,14163.0,2889.0,2172.0,1640.0,6.0,1357.0,6147.0,428.0,4734.0,10535.0,11160.0,4179.0,5416.0,6611.0,12680.0,24813.0,3592.0,11511.0,7478.0,9553.0,2922.0,2729.0,10459.0,10803.0,7491.0,12800.0
2020-09-01,1762.0,2819.0,26511.0,136698.0,16089.0,11739.0,1308.0,6734.0,3290.0,6338.0,17527.0,9730.0,1622.0,2207.0,14290.0,2976.0,2248.0,1679.0,6.0,1390.0,6243.0,428.0,4774.0,10724.0,11498.0,4215.0,5465.0,6738.0,12735.0,25097.0,3692.0,11577.0,7575.0,9704.0,2960.0,2822.0,10615.0,10937.0,7657.0,12867.0
2020-09-02,1775.0,2862.0,26909.0,137733.0,16676.0,12147.0,1363.0,6867.0,3385.0,6393.0,17664.0,9841.0,1686.0,2256.0,14397.0,3047.0,2326.0,1693.0,6.0,1401.0,6321.0,428.0,4831.0,10818.0,11912.0,4240.0,5547.0,6887.0,12831.0,25376.0,3825.0,11634.0,7684.0,9812.0,3050.0,2914.0,10827.0,11099.0,7883.0,12930.0
2020-09-03,1783.0,2909.0,27288.0,138725.0,17272.0,12739.0,1384.0,7004.0,3501.0,6514.0,17819.0,9933.0,1718.0,2342.0,14466.0,3114.0,2383.0,1746.0,6.0,1422.0,6426.0,428.0,4905.0,10971.0,12129.0,4271.0,5606.0,7027.0,12914.0,25609.0,3904.0,11689.0,7799.0,9975.0,3117.0,3028.0,10976.0,11235.0,8033.0,13058.0
2020-09-04,1789.0,2967.0,27656.0,139721.0,17879.0,13237.0,1425.0,7097.0,3613.0,6696.0,17974.0,10042.0,1762.0,2410.0,14586.0,3212.0,2455.0,1836.0,6.0,1435.0,6528.0,428.0,4927.0,11087.0,12371.0,4317.0,5695.0,7192.0,12998.0,25873.0,4002.0,11735.0,7903.0,10083.0,3193.0,3119.0,11193.0,11370.0,8181.0,13151.0
2020-09-05,1792.0,3033.0,27949.0,140686.0,18424.0,13671.0,1475.0,7219.0,3754.0,6829.0,18126.0,10119.0,1806.0,2498.0,14685.0,3381.0,2541.0,1883.0,6.0,1455.0,6654.0,428.0,4947.0,11196.0,12621.0,4351.0,5755.0,7306.0,13077.0,26117.0,4113.0,11782.0,8011.0,10210.0,3237.0,3315.0,11432.0,11535.0,8326.0,13269.0
2020-09-06,1798.0,3070.0,28313.0,141655.0,18969.0,14062.0,1499.0,7343.0,3868.0,7015.0,18312.0,10237.0,1849.0,2581.0,14786.0,3527.0,2642.0,1923.0,6.0,1472.0,6756.0,428.0,4990.0,11337.0,12740.0,4382.0,5812.0,7451.0,13162.0,26357.0,4225.0,11840.0,8123.0,10331.0,3282.0,3469.0,11703.0,11686.0,8457.0,13339.0
2020-09-07,1800.0,3099.0,28643.0,142604.0,19493.0,14460.0,1555.0,7479.0,3985.0,7204.0,18502.0,10333.0,1903.0,2652.0,14892.0,3591.0,2739.0,1959.0,6.0,1485.0,6845.0,428.0,5023.0,11463.0,12925.0,4423.0,5877.0,7573.0,13250.0,26605.0,4367.0,11931.0,8235.0,10412.0,3339.0,3663.0,11965.0,11833.0,8596.0,13436.0
2020-09-08,1801.0,3148.0,28996.0,143603.0,19962.0,14867.0,1614.0,7566.0,4108.0,7342.0,18629.0,10424.0,1952.0,2735.0,14999.0,3615.0,2823.0,2015.0,6.0,1500.0,6962.0,428.0,5055.0,11589.0,13091.0,4471.0,5959.0,7692.0,13342.0,26887.0,4566.0,11996.0,8336.0,10539.0,3389.0,3802.0,12213.0,11967.0,8722.0,13546.0
2020-09-09,1801.0,3192.0,29233.0,144596.0,20407.0,15211.0,1728.0,7662.0,4198.0,7456.0,18800.0,10560.0,1990.0,2810.0,15062.0,3787.0,2916.0,2084.0,6.0,1515.0,7080.0,428.0,5095.0,11697.0,13370.0,4508.0,6019.0,7823.0,13428.0,27168.0,4693.0,12054.0,8434.0,10678.0,3471.0,3922.0,12355.0,12107.0,8861.0,13636.0
2020-09-10,1802.0,3230.0,29509.0,145607.0,20853.0,15475.0,1850.0,7746.0,4231.0,7571.0,18968.0,10635.0,2057.0,2936.0,15129.0,3918.0,3032.0,2154.0,6.0,1548.0,7181.0,428.0,5148.0,11805.0,13676.0,4525.0,6092.0,7907.0,13524.0,27462.0,4822.0,12168.0,8540.0,10790.0,3556.0,4076.0,12444.0,12252.0,9052.0,13664.0
2020-09-11,1804.0,3246.0,29806.0,146594.0,21247.0,15764.0,1946.0,7793.0,4301.0,7718.0,19100.0,10758.0,2084.0,2975.0,15180.0,3966.0,3146.0,2244.0,6.0,1558.0,7290.0,428.0,5158.0,11897.0,13974.0,4550.0,6142.0,8052.0,13609.0,27774.0,4981.0,12269.0,8680.0,10926.0,3640.0,4200.0,12740.0,12434.0,9213.0,13695.0
2020-09-12,1806.0,3260.0,30067.0,147592.0,21679.0,16025.0,2041.0,7861.0,4435.0,7811.0,19236.0,10867.0,2131.0,3127.0,15249.0,4121.0,3238.0,2305.0,6.0,1575.0,7369.0,428.0,5181.0,11974.0,14266.0,4601.0,6224.0,8193.0,13689.0,28071.0,5129.0,12353.0,8753.0,11033.0,3681.0,4456.0,12880.0,12561.0,9374.0,13735.0
2020-09-13,1810.0,3271.0,30368.0,148585.0,22170.0,16277.0,2083.0,7928.0,4560.0,7938.0,19426.0,10978.0,2165.0,3194.0,15321.0,4277.0,3372.0,2375.0,6.0,1599.0,7503.0,428.0,5197.0,12115.0,14561.0,4647.0,6260.0,8341.0,13779.0,28371.0,5273.0,12402.0,8846.0,11147.0,3751.0,4758.0,13073.0,12647.0,9503.0,13771.0
2020-09-14,1816.0,3289.0,30745.0,149584.0,22676.0,16569.0,2170.0,8005.0,4694.0,8069.0,19571.0,11114.0,2224.0,3272.0,15405.0,4403.0,3490.0,2469.0,6.0,1609.0,7601.0,428.0,5223.0,12217.0,14860.0,4683.0,6344.0,8467.0,13837.0,28666.0,5415.0,12476.0,8914.0,11208.0,3833.0,4948.0,13298.0,12783.0,9633.0,13814.0
2020-09-15,1823.0,3315.0,31069.0,150573.0,23161.0,16837.0,2258.0,8066.0,4829.0,8196.0,19769.0,11217.0,2285.0,3347.0,15488.0,4514.0,3587.0,2554.0,6.0,1635.0,7664.0,428.0,5249.0,12309.0,15152.0,4711.0,6400.0,8627.0,13918.0,28949.0,5544.0,12560.0,9017.0,11325.0,3907.0,5210.0,13487.0,12917.0,9767.0,13855.0
2020-09-16,1828.0,3343.0,31390.0,151561.0,23716.0,17099.0,2376.0,8130.0,4929.0,8358.0,19960.0,11331.0,2331.0,3415.0,15589.0,4592.0,3701.0,2622.0,6.0,1651.0,7797.0,428.0,5285.0,12386.0,15427.0,4751.0,6467.0,8752.0,13969.0,29244.0,5684.0,12645.0,9114.0,11445.0,4001.0,5359.0,13644.0,13037.0,9909.0,13905.0
2020-09-17,1829.0,3378.0,31714.0,152568.0,24248.0,17311.0,2500.0,8204.0,5028.0,8461.0,20080.0,11452.0,2384.0,3501.0,15658.0,4673.0,3814.0,2704.0,6.0,1665.0,7915.0,428.0,5315.0,12487.0,15719.0,4795.0,6540.0,8900.0,14047.0,29492.0,5790.0,12722.0,9227.0,11532.0,4092.0,5554.0,13804.0,13180.0,10043.0,13977.0
2020-09-18,1833.0,3411.0,31974.0,153617.0,24792.0,17570.0,2608.0,8295.0,5142.0,8556.0,20206.0,11567.0,2452.0,3558.0,15735.0,4757.0,3926.0,2776.0,6.0,1676.0,8038.0,428.0,5348.0,12541.0,16009.0,4827.0,6638.0,9064.0,14116.0,29710.0,5889.0,12812.0,9363.0,11636.0,4169.0,5737.0,13951.0,13292.0,10183.0,14017.0
2020-09-19,1846.0,3451.0,32258.0,154625.0,25358.0,17859.0,2720.0,8369.0,5308.0,8648.0,20384.0,11672.0,2516.0,3634.0,15803.0,4815.0,4026.0,2863.0,6.0,1702.0,8128.0,428.0,5379.0,12604.0,16295.0,4864.0,6703.0,9206.0,14171.0,29970.0,5990.0,12877.0,9469.0,11745.0,4254.0,5900.0,14110.0,13438.0,10328.0,14072.0
2020-09-20,1848.0,3487.0,32582.0,155640.0,25928.0,18155.0,2847.0,8451.0,5453.0,8704.0,20478.0,11806.0,2576.0,3759.0,15889.0,4922.0,4161.0,2994.0,6.0,1713.0,8230.0,428.0,5394.0,12638.0,16581.0,4925.0,6794.0,9372.0,14224.0,30186.0,6077.0,12960.0,9552.0,11831.0,4325.0,6069.0,14216.0,13534.0,10456.0,14119.0
2020-09-21,1850.0,3517.0,32801.0,156626.0,26576.0,18303.0,2936.0,8516.0,5654.0,8809.0,20595.0,11903.0,2631.0,3858.0,15974.0,5016.0,4291.0,3116.0,6.0,1723.0,8330.0,428.0,5409.0,12717.0,16876.0,4966.0,6861.0,9496.0,14281.0,30398.0,6200.0,13058.0,9633.0,11914.0,4433.0,6230.0,14313.0,13669.0,10587.0,14154.0
2020-09-22,1851.0,3537.0,33032.0,157615.0,27171.0,18536.0,3042.0,8570.0,5790.0,8882.0,20804.0,11980.0,2687.0,3948.0,16035.0,5062.0,4383.0,3204.0,6.0,1730.0,8419.0,428.0,5417.0,12805.0,17167.0,5004.0,6915.0,9651.0,14341.0,30628.0,6316.0,13118.0,9746.0,12005.0,4490.0,6599.0,14439.0,13764.0,10678.0,14196.0
2020-09-23,1852.0,3548.0,33329.0,158595.0,27758.0,18719.0,3172.0,8610.0,5915.0,8937.0,21009.0,12097.0,2728.0,4011.0,16114.0,5108.0,4515.0,3293.0,6.0,1752.0,8500.0,428.0,5427.0,12894.0,17465.0,5048.0,6961.0,9837.0,14412.0,30846.0,6415.0,13173.0,9858.0,12097.0,4555.0,6846.0,14565.0,13907.0,10783.0,14231.0
2020-09-24,1858.0,3576.0,33628.0,159684.0,28402.0,18974.0,3301.0,8642.0,6055.0,8961.0,21205.0,12158.0,2790.0,4097.0,16186.0,5154.0,4647.0,3390.0,6.0,1773.0,8612.0,428.0,5443.0,12992.0,17778.0,5090.0,7016.0,10027.0,14477.0,31111.0,6558.0,13212.0,9986.0,12212.0,4623.0,7034.0,14687.0,14033.0,10938.0,14264.0
2020-09-25,1865.0,3606.0,33910.0,160927.0,29071.0,19216.0,3450.0,8711.0,6166.0,9019.0,21384.0,12245.0,2835.0,4205.0,16227.0,5198.0,4756.0,3527.0,6.0,1792.0,8681.0,428.0,5461.0,13059.0,18091.0,5138.0,7073.0,10182.0,14545.0,31266.0,6689.0,13266.0,10083.0,12276.0,4686.0,7212.0,14857.0,14159.0,11106.0,14313.0
2020-09-26,1866.0,3635.0,34170.0,162126.0,29729.0,19429.0,3547.0,8767.0,6306.0,9057.0,21538.0,12341.0,2910.0,4277.0,16298.0,5247.0,4881.0,3672.0,6.0,1819.0,8773.0,428.0,5483.0,13116.0,18390.0,5166.0,7137.0,10370.0,14612.0,31495.0,6830.0,13316.0,10168.0,12366.0,4752.0,7400.0,14998.0,14295.0,11267.0,14351.0
2020-09-27,1867.0,3673.0,34580.0,163424.0,30328.0,19688.0,3641.0,8807.0,6414.0,9084.0,21594.0,12433.0,2948.0,4339.0,16370.0,5290.0,5055.0,3833.0,6.0,1833.0,8869.0,428.0,5494.0,13192.0,18771.0,5196.0,7167.0,10552.0,14690.0,31698.0,6956.0,13358.0,10254.0,12479.0,4818.0,7691.0,15077.0,14415.0,11412.0,14401.0
2020-09-28,1867.0,3709.0,34857.0,164745.0,30929.0,19851.0,3736.0,8853.0,6551.0,9147.0,21694.0,12533.0,3004.0,4437.0,16453.0,5353.0,5206.0,3970.0,6.0,1861.0,8967.0,428.0,5524.0,13233.0,18994.0,5235.0,7215.0,10734.0,14765.0,31933.0,7082.0,13419.0,10345.0,12534.0,4888.0,7877.0,15234.0,14553.0,11545.0,14447.0
2020-09-29,1868.0,3726.0,35230.0,166030.0,31503.0,19957.0,3830.0,8887.0,6668.0,9204.0,21807.0,12630.0,3033.0,4532.0,16551.0,5396.0,5355.0,4119.0,6.0,1876.0,9068.0,428.0,5546.0,13328.0,19340.0,5271.0,7283.0,10923.0,14829.0,32219.0,7142.0,13462.0,10429.0,12661.0,4963.0,8033.0,15323.0,14673.0,11648.0,14483.0
2020-09-30,1874.0,3753.0,35592.0,167377.0,32082.0,20098.0,3872.0,8909.0,6802.0,9235.0,21970.0,12727.0,3091.0,4609.0,16640.0,5444.0,5517.0,4199.0,6.0,1892.0,9156.0,428.0,5558.0,13412.0,19725.0,5298.0,7322.0,11195.0,14898.0,32433.0,7198.0,13552.0,10527.0,12745.0,5022.0,8190.0,15497.0,14810.0,11763.0,14501.0
2020-10-01,1876.0,3788.0,35948.0,168690.0,32634.0,20278.0,3928.0,8950.0,6947.0,9285.0,22123.0,12845.0,3139.0,4718.0,16717.0,5499.0,5630.0,4271.0,6.0,1917.0,9243.0,428.0,5567.0,13499.0,20065.0,5330.0,7375.0,11428.0,14963.0,32668.0,7321.0,13626.0,10612.0,12825.0,5105.0,8383.0,15591.0,14957.0,11898.0,14534.0
2020-10-02,1878.0,3817.0,36360.0,170026.0,33130.0,20444.0,3991.0,8995.0,7144.0,9339.0,22263.0,12937.0,3176.0,4795.0,16784.0,5538.0,5795.0,4344.0,6.0,1934.0,9342.0,428.0,5584.0,13575.0,20420.0,5356.0,7411.0,11651.0,15048.0,32868.0,7463.0,13669.0,10708.0,12898.0,5177.0,8540.0,15716.0,15090.0,11998.0,14564.0
2020-10-03,1884.0,3851.0,36747.0,171416.0,33625.0,20600.0,4068.0,9034.0,7290.0,9389.0,22418.0,13031.0,3216.0,4870.0,16841.0,5590.0,5938.0,4485.0,6.0,1949.0,9409.0,428.0,5603.0,13622.0,20775.0,5394.0,7444.0,11901.0,15117.0,33150.0,7606.0,13745.0,10781.0,12968.0,5266.0,8708.0,15789.0,15225.0,12045.0,14600.0
2020-10-04,1889.0,3892.0,37152.0,172774.0,34103.0,20741.0,4128.0,9072.0,7421.0,9419.0,22537.0,13149.0,3271.0,4939.0,16925.0,5612.0,6115.0,4607.0,6.0,1960.0,9483.0,428.0,5625.0,13692.0,21135.0,5430.0,7483.0,12144.0,15177.0,33349.0,7752.0,13800.0,10842.0,13039.0,5349.0,8862.0,15894.0,15355.0,12104.0,14658.0
2020-10-05,1892.0,3926.0,37496.0,174144.0,34572.0,20871.0,4210.0,9127.0,7514.0,9470.0,22692.0,13247.0,3298.0,5013.0,16981.0,5702.0,6259.0,4772.0,6.0,1971.0,9561.0,428.0,5645.0,13727.0,21472.0,5462.0,7523.0,12395.0,15240.0,33547.0,7848.0,13855.0,10919.0,13117.0,5429.0,8999.0,15983.0,15498.0,12191.0,14706.0
2020-10-06,1892.0,3955.0,37759.0,175485.0,35014.0,21015.0,4278.0,9168.0,7583.0,9500.0,22852.0,13342.0,3331.0,5089.0,17055.0,5767.0,6410.0,4861.0,6.0,1981.0,9633.0,428.0,5663.0,13786.0,21802.0,5482.0,7540.0,12617.0,15299.0,33792.0,7949.0,13891.0,11003.0,13189.0,5472.0,9161.0,16068.0,15603.0,12277.0,14727.0
2020-10-07,1899.0,3991.0,38105.0,176780.0,35493.0,21157.0,4362.0,9217.0,7728.0,9557.0,23017.0,13435.0,3395.0,5164.0,17141.0,5822.0,6551.0,4966.0,6.0,1990.0,9714.0,428.0,5680.0,13863.0,22128.0,5518.0,7550.0,12864.0,15362.0,34023.0,8055.0,13958.0,11083.0,13254.0,5545.0,9339.0,16191.0,15756.0,12320.0,14765.0
2020-10-08,1903.0,4007.0,38489.0,178109.0,35947.0,21283.0,4436.0,9261.0,7863.0,9597.0,23121.0,13524.0,3437.0,5238.0,17225.0,5863.0,6697.0,5058.0,6.0,2005.0,9787.0,428.0,5694.0,13928.0,22494.0,5534.0,7558.0,13109.0,15429.0,34200.0,8105.0,14018.0,11149.0,13316.0,5593.0,9509.0,16291.0,15886.0,12373.0,14790.0
2020-10-09,1904.0,4042.0,38809.0,179425.0,36346.0,21431.0,4503.0,9300.0,8002.0,9643.0,23247.0,13620.0,3471.0,5324.0,17321.0,5918.0,6846.0,5167.0,6.0,2015.0,9857.0,428.0,5716.0,13985.0,22792.0,5560.0,7572.0,13349.0,15494.0,34434.0,8217.0,14096.0,11225.0,13388.0,5661.0,9669.0,16392.0,16027.0,12433.0,14810.0
2020-10-10,1906.0,4070.0,39104.0,180752.0,36739.0,21574.0,4595.0,9340.0,8139.0,9680.0,23415.0,13704.0,3518.0,5407.0,17406.0,5984.0,7009.0,5264.0,6.0,2032.0,9924.0,428.0,5734.0,14076.0,23127.0,5599.0,7596.0,13542.0,15567.0,34588.0,8306.0,14154.0,11308.0,13452.0,5721.0,9869.0,16494.0,16157.0,12521.0,14880.0
2020-10-11,1906.0,4105.0,39349.0,182015.0,37131.0,21661.0,4664.0,9372.0,8302.0,9726.0,23564.0,13783.0,3566.0,5506.0,17497.0,6047.0,7168.0,5392.0,6.0,2047.0,9975.0,428.0,5760.0,14151.0,23426.0,5625.0,7614.0,13720.0,15634.0,34787.0,8402.0,14223.0,11396.0,13528.0,5774.0,10042.0,16594.0,16292.0,12607.0,14917.0
2020-10-12,1907.0,4129.0,39623.0,183252.0,37525.0,21795.0,4747.0,9403.0,8452.0,9772.0,23663.0,13869.0,3603.0,5606.0,17585.0,6102.0,7309.0,5538.0,6.0,2054.0,10020.0,428.0,5776.0,14208.0,23736.0,5650.0,7630.0,13865.0,15695.0,35004.0,8517.0,14283.0,11435.0,13589.0,5833.0,10229.0,16676.0,16421.0,12686.0,14960.0
2020-10-13,1907.0,4161.0,39872.0,184430.0,37933.0,21934.0,4860.0,9474.0,8553.0,9803.0,23800.0,13947.0,3636.0,5691.0,17647.0,6154.0,7445.0,5661.0,6.0,2059.0,10074.0,428.0,5793.0,14268.0,24001.0,5669.0,7661.0,13985.0,15754.0,35225.0,8627.0,14338.0,11497.0,13649.0,5892.0,10377.0,16732.0,16518.0,12774.0,15012.0
2020-10-14,1907.0,4191.0,40150.0,185574.0,38329.0,22042.0,4933.0,9511.0,8674.0,9839.0,23958.0,14029.0,3670.0,5785.0,17721.0,6199.0,7593.0,5753.0,6.0,2067.0,10124.0,428.0,5813.0,14309.0,24281.0,5683.0,7669.0,14085.0,15803.0,35388.0,8709.0,14384.0,11568.0,13696.0,5953.0,10547.0,16790.0,16633.0,12854.0,15061.0
2020-10-15,1907.0,4209.0,40418.0,186668.0,38726.0,22165.0,5020.0,9544.0,8798.0,9879.0,24074.0,14106.0,3706.0,5859.0,17801.0,6262.0,7742.0,5847.0,6.0,2077.0,10176.0,428.0,5833.0,14348.0,24541.0,5709.0,7690.0,14185.0,15850.0,35591.0,8771.0,14427.0,11642.0,13749.0,6013.0,10700.0,16866.0,16749.0,12921.0,15116.0
2020-10-16,1907.0,4229.0,40731.0,187853.0,39116.0,22282.0,5088.0,9576.0,8930.0,9925.0,24167.0,14176.0,3739.0,5922.0,17885.0,6327.0,7877.0,5941.0,6.0,2084.0,10215.0,428.0,5851.0,14405.0,24787.0,5728.0,7705.0,14288.0,15889.0,35700.0,8840.0,14483.0,11723.0,13808.0,6075.0,10849.0,16936.0,16870.0,13011.0,15156.0
2020-10-17,1907.0,4243.0,40997.0,188945.0,39509.0,22399.0,5155.0,9614.0,9055.0,9973.0,24284.0,14243.0,3775.0,6002.0,17954.0,6387.0,8001.0,6029.0,6.0,2094.0,10269.0,428.0,5865.0,14469.0,25025.0,5751.0,7716.0,14390.0,15921.0,35935.0,8927.0,14532.0,11788.0,13855.0,6107.0,11004.0,17004.0,16962.0,13093.0,15190.0
2020-10-18,1907.0,4260.0,41166.0,189996.0,39832.0,22500.0,5224.0,9639.0,9157.0,10005.0,24422.0,14313.0,3796.0,6064.0,18029.0,6447.0,8123.0,6115.0,6.0,2104.0,10318.0,428.0,5879.0,14535.0,25213.0,5777.0,7718.0,14480.0,15956.0,36112.0,9013.0,14593.0,11850.0,13896.0,6159.0,11175.0,17066.0,17051.0,13171.0,15222.0
2020-10-19,1907.0,4272.0,41429.0,190950.0,40122.0,22588.0,5298.0,9680.0,9249.0,10039.0,24474.0,14382.0,3831.0,6129.0,18095.0,6485.0,8214.0,6175.0,6.0,2119.0,10354.0,428.0,5903.0,14582.0,25401.0,5800.0,7740.0,14561.0,15988.0,36224.0,9086.0,14639.0,11912.0,13932.0,6187.0,11315.0,17120.0,17143.0,13247.0,15247.0
2020-10-20,1907.0,4288.0,41647.0,191755.0,40388.0,22659.0,5360.0,9701.0,9316.0,10081.0,24576.0,14442.0,3848.0,6159.0,18151.0,6521.0,8307.0,6206.0,6.0,2129.0,10377.0,428.0,5916.0,14611.0,25579.0,5823.0,7748.0,14650.0,16020.0,36353.0,9150.0,14678.0,11980.0,13952.0,6230.0,11446.0,17158.0,17223.0,13290.0,15288.0
2020-10-21,1907.0,4295.0,41847.0,192528.0,40704.0,22721.0,5385.0,9709.0,9422.0,10099.0,24665.0,14490.0,3863.0,6193.0,18215.0,6571.0,8377.0,6236.0,6.0,2141.0,10403.0,428.0,5929.0,14631.0,25780.0,5841.0,7759.0,14716.0,16045.0,36556.0,9194.0,14695.0,12045.0,13993.0,6301.0,11568.0,17215.0,17297.0,13355.0,15308.0
2020-10-22,1907.0,4302.0,42065.0,193300.0,40996.0,22798.0,5425.0,9737.0,9485.0,10124.0,24773.0,14526.0,3902.0,6241.0,18267.0,6609.0,8450.0,6299.0,6.0,2150.0,10431.0,428.0,5940.0,14659.0,25924.0,5856.0,7766.0,14791.0,16069.0,36703.0,9257.0,14741.0,12097.0,14018.0,6355.0,11737.0,17260.0,17361.0,13417.0,15338.0
2020-10-23,1907.0,4318.0,42247.0,194140.0,41276.0,22849.0,5463.0,9755.0,9590.0,10145.0,24874.0,14577.0,3927.0,6290.0,18334.0,6634.0,8546.0,6344.0,6.0,2155.0,10454.0,428.0,5946.0,14691.0,26113.0,5873.0,7777.0,14866.0,16090.0,36852.0,9309.0,14796.0,12153.0,14038.0,6399.0,11868.0,17298.0,17416.0,13471.0,15352.0
2020-10-24,1907.0,4322.0,42409.0,194902.0,41569.0,22899.0,5493.0,9771.0,9679.0,10173.0,25027.0,14629.0,3961.0,6328.0,18402.0,6664.0,8618.0,6362.0,6.0,2160.0,10479.0,428.0,5959.0,14704.0,26272.0,5894.0,7784.0,14929.0,16109.0,37012.0,9360.0,14837.0,12201.0,14061.0,6448.0,11974.0,17348.0,17484.0,13507.0,15382.0
2020-10-25,1907.0,4325.0,42657.0,195673.0,41844.0,22950.0,5523.0,9789.0,9749.0,10196.0,25057.0,14687.0,3986.0,6354.0,18459.0,6692.0,8709.0,6393.0,6.0,2167.0,10511.0,428.0,5971.0,14725.0,26467.0,5917.0,7788.0,14992.0,16130.0,37163.0,9406.0,14881.0,12251.0,14091.0,6499.0,12089.0,17393.0,17529.0,13560.0,15408.0
2020-10-26,1907.0,4331.0,42803.0,196379.0,42098.0,22999.0,5544.0,9802.0,9832.0,10220.0,25183.0,14743.0,4014.0,6383.0,18524.0,6719.0,8786.0,6435.0,6.0,2170.0,10540.0,428.0,5981.0,14740.0,26634.0,5940.0,7791.0,15057.0,16147.0,37315.0,9452.0,14919.0,12297.0,14122.0,6538.0,12198.0,17430.0,17585.0,13606.0,15432.0
2020-10-27,1907.0,4335.0,42953.0,197078.0,42310.0,23043.0,5569.0,9806.0,9906.0,10243.0,25285.0,14792.0,4040.0,6415.0,18575.0,6755.0,8856.0,6516.0,6.0,2175.0,10565.0,428.0,5983.0,14760.0,26777.0,5959.0,7798.0,15121.0,16168.0,37410.0,9493.0,14958.0,12333.0,14150.0,6576.0,12296.0,17451.0,17653.0,13649.0,15459.0
2020-10-28,1907.0,4347.0,43167.0,197752.0,42530.0,23080.0,5594.0,9814.0,10041.0,10263.0,25323.0,14830.0,4060.0,6442.0,18622.0,6802.0,8915.0,6546.0,6.0,2179.0,10599.0,428.0,5993.0,14783.0,26924.0,5976.0,7802.0,15173.0,16187.0,37533.0,9526.0,14989.0,12379.0,14172.0,6611.0,12407.0,17473.0,17732.0,13682.0,15479.0
2020-10-29,1907.0,4356.0,43318.0,198488.0,42790.0,23112.0,5615.0,9823.0,10153.0,10276.0,25421.0,14861.0,4090.0,6471.0,18670.0,6842.0,8967.0,6582.0,6.0,2182.0,10630.0,428.0,6004.0,14809.0,27093.0,5991.0,7810.0,15263.0,16211.0,37664.0,9565.0,15048.0,12426.0,14192.0,6638.0,12507.0,17499.0,17789.0,13730.0,15493.0
2020-10-30,1907.0,4364.0,43483.0,199174.0,43022.0,23164.0,5629.0,9832.0,10264.0,10289.0,25524.0,14899.0,4112.0,6511.0,18702.0,6876.0,9045.0,6615.0,6.0,2189.0,10649.0,428.0,6009.0,14844.0,27215.0,6008.0,7814.0,15312.0,16227.0,37806.0,9601.0,15119.0,12467.0,14210.0,6662.0,12654.0,17565.0,17852.0,13772.0,15507.0
2020-10-31,1907.0,4374.0,43656.0,199917.0,43266.0,23200.0,5658.0,9840.0,10329.0,10313.0,25587.0,14923.0,4142.0,6555.0,18747.0,6923.0,9111.0,6642.0,6.0,2193.0,10671.0,428.0,6020.0,14896.0,27361.0,6027.0,7823.0,15344.0,16237.0,37897.0,9638.0,15162.0,12505.0,14225.0,6690.0,12755.0,17621.0,17917.0,13808.0,15525.0
2020-11-01,1907.0,4385.0,43842.0,200534.0,43518.0,23248.0,5674.0,9867.0,10419.0,10342.0,25630.0,14967.0,4174.0,6594.0,18789.0,6954.0,9179.0,6687.0,6.0,2200.0,10690.0,428.0,6023.0,14926.0,27474.0,6038.0,7826.0,15393.0,16254.0,38069.0,9686.0,15189.0,12543.0,14251.0,6731.0,12847.0,17689.0,17990.0,13837.0,15543.0
2020-11-02,1907.0,4393.0,44001.0,201196.0,43765.0,23292.0,5691.0,9886.0,10504.0,10370.0,25692.0,15007.0,4198.0,6618.0,18824.0,6977.0,9234.0,6749.0,6.0,2207.0,10711.0,428.0,6037.0,14964.0,27600.0,6048.0,7830.0,15443.0,16272.0,38162.0,9736.0,15230.0,12570.0,14276.0,6769.0,13002.0,17732.0,18055.0,13883.0,15559.0
2020-11-03,1907.0,4402.0,44138.0,201849.0,44003.0,23342.0,5714.0,9908.0,10587.0,10396.0,25784.0,15043.0,4229.0,6662.0,18865.0,7010.0,9295.0,6801.0,6.0,2214.0,10739.0,428.0,6046.0,14994.0,27704.0,6061.0,7849.0,15490.0,16284.0,38278.0,9776.0,15256.0,12617.0,14305.0,6802.0,13103.0,17769.0,18114.0,13910.0,15579.0
2020-11-04,1907.0,4409.0,44298.0,202496.0,44223.0,23384.0,5742.0,9923.0,10696.0,10415.0,25908.0,15089.0,4263.0,6710.0,18911.0,7048.0,9348.0,6826.0,6.0,2222.0,10764.0,428.0,6059.0,15030.0,27807.0,6085.0,7868.0,15545.0,16303.0,38369.0,9812.0,15300.0,12663.0,14329.0,6821.0,13225.0,17799.0,18168.0,13953.0,15594.0
2020-11-05,1907.0,4419.0,44418.0,203086.0,44463.0,23421.0,5763.0,9938.0,10791.0,10431.0,26021.0,15130.0,4291.0,6734.0,18954.0,7084.0,9386.0,6859.0,6.0,2232.0,10789.0,428.0,6073.0,15037.0,27944.0,6097.0,7873.0,15590.0,16319.0,38522.0,9857.0,15329.0,12693.0,14344.0,6836.0,13335.0,17844.0,18228.0,14011.0,15611.0
2020-11-06,1907.0,4429.0,44609.0,203686.0,44690.0,23456.0,5780.0,9964.0,10903.0,10441.0,26033.0,15168.0,4322.0,6780.0,18989.0,7123.0,9438.0,6893.0,6.0,2237.0,10817.0,428.0,6082.0,15084.0,28053.0,6115.0,7876.0,15640.0,16327.0,38672.0,9889.0,15365.0,12740.0,14381.0,6868.0,13455.0,17885.0,18259.0,14049.0,15625.0
2020-11-07,1907.0,4439.0,44731.0,204259.0,44903.0,23496.0,5802.0,9981.0,11009.0,10455.0,26122.0,15208.0,4357.0,6825.0,19027.0,7157.0,9497.0,6926.0,6.0,2245.0,10845.0,428.0,6093.0,15122.0,28161.0,6139.0,7882.0,15686.0,16337.0,38815.0,9928.0,15396.0,12777.0,14414.0,6897.0,13569.0,17922.0,18311.0,14090.0,15641.0
2020-11-08,1907.0,4451.0,44851.0,204863.0,45108.0,23539.0,5823.0,9998.0,11108.0,10466.0,26217.0,15241.0,4385.0,6860.0,19062.0,7197.0,9557.0,6965.0,6.0,2253.0,10872.0,428.0,6100.0,15153.0,28264.0,6162.0,7891.0,15730.0,16350.0,38939.0,9964.0,15429.0,12817.0,14442.0,6924.0,13690.0,17964.0,18369.0,14137.0,15657.0
2020-11-09,1907.0,4462.0,45001.0,205420.0,45301.0,23578.0,5841.0,10011.0,11203.0,10481.0,26270.0,15277.0,4421.0,6879.0,19106.0,7223.0,9608.0,7001.0,6.0,2259.0,10895.0,428.0,6105.0,15176.0,28374.0,6180.0,7895.0,15772.0,16373.0,39076.0,9994.0,15463.0,12857.0,14468.0,6953.0,13804.0,18034.0,18420.0,14205.0,15669.0
2020-11-10,1907.0,4472.0,45124.0,206025.0,45506.0,23611.0,5854.0,10029.0,11300.0,10491.0,26359.0,15308.0,4449.0,6914.0,19147.0,7270.0,9679.0,7026.0,6.0,2264.0,10916.0,428.0,6108.0,15195.0,28479.0,6198.0,7901.0,15837.0,16389.0,39146.0,10024.0,15477.0,12884.0,14491.0,6970.0,13896.0,18083.0,18471.0,14219.0,15689.0
2020-11-11,1907.0,4479.0,45254.0,206589.0,45699.0,23666.0,5864.0,10052.0,11391.0,10507.0,26453.0,15333.0,4474.0,6969.0,19182.0,7312.0,9729.0,7039.0,6.0,2268.0,10944.0,428.0,6110.0,15216.0,28570.0,6219.0,7915.0,15873.0,16403.0,39287.0,10050.0,15491.0,12919.0,14516.0,6984.0,13993.0,18106.0,18567.0,14259.0,15703.0
2020-11-12,1907.0,4488.0,45405.0,207174.0,45889.0,23712.0,5881.0,10066.0,11454.0,10524.0,26554.0,15367.0,4494.0,7013.0,19213.0,7338.0,9777.0,7062.0,6.0,2273.0,10961.0,428.0,6116.0,15243.0,28635.0,6239.0,7922.0,15911.0,16414.0,39383.0,10072.0,15517.0,12956.0,14546.0,7012.0,14075.0,18172.0,18625.0,14291.0,15723.0
2020-11-13,1907.0,4494.0,45592.0,207687.0,46069.0,23738.0,5900.0,10082.0,11506.0,10536.0,26611.0,15386.0,4515.0,7051.0,19257.0,7381.0,9837.0,7095.0,6.0,2277.0,10981.0,428.0,6129.0,15298.0,28699.0,6253.0,7926.0,15942.0,16423.0,39483.0,10098.0,15536.0,12983.0,14575.0,7039.0,14158.0,18198.0,18651.0,14309.0,15741.0
2020-11-14,1907.0,4498.0,45739.0,208180.0,46251.0,23784.0,5916.0,10102.0,11569.0,10553.0,26701.0,15405.0,4545.0,7080.0,19294.0,7409.0,9885.0,7115.0,6.0,2280.0,10999.0,428.0,6136.0,15322.0,28792.0,6264.0,7930.0,15986.0,16432.0,39571.0,10122.0,15554.0,13016.0,14598.0,7067.0,14234.0,18230.0,18699.0,14334.0,15756.0
2020-11-15,1907.0,4502.0,45895.0,208669.0,46422.0,23816.0,5929.0,10120.0,11625.0,10566.0,26751.0,15432.0,4573.0,7107.0,19329.0,7430.0,9930.0,7138.0,6.0,2282.0,11015.0,428.0,6140.0,15358.0,28880.0,6275.0,7937.0,16024.0,16443.0,39665.0,10147.0,15569.0,13047.0,14619.0,7091.0,14308.0,18258.0,18742.0,14363.0,15770.0
2020-11-16,1911.0,4505.0,46029.0,209168.0,46601.0,23844.0,5938.0,10131.0,11688.0,10578.0,26823.0,15458.0,4597.0,7135.0,19360.0,7448.0,9965.0,7156.0,6.0,2282.0,11027.0,428.0,6145.0,15383.0,28955.0,6282.0,7939.0,16057.0,16453.0,39742.0,10170.0,15576.0,13074.0,14636.0,7111.0,14378.0,18302.0,18787.0,14385.0,15780.0
2020-11-17,1911.0,4512.0,46148.0,209647.0,46771.0,23868.0,5959.0,10143.0,11730.0,10597.0,26900.0,15479.0,4616.0,7160.0,19382.0,7473.0,10006.0,7170.0,6.0,2282.0,11037.0,428.0,6150.0,15413.0,29017.0,6288.0,7949.0,16086.0,16461.0,39843.0,10198.0,15582.0,13094.0,14655.0,7129.0,14443.0,18338.0,18822.0,14408.0,15784.0
2020-11-18,1914.0,4513.0,46277.0,210136.0,46934.0,23913.0,5961.0,10152.0,11772.0,10608.0,26993.0,15492.0,4630.0,7194.0,19413.0,7511.0,10041.0,7188.0,6.0,2284.0,11047.0,428.0,6156.0,15436.0,29074.0,6299.0,7955.0,16110.0,16468.0,39946.0,10219.0,15595.0,13120.0,14671.0,7144.0,14523.0,18363.0,18893.0,14425.0,15795.0
2020-11-19,1915.0,4520.0,46420.0,210602.0,47085.0,23949.0,5976.0,10158.0,11806.0,10626.0,27052.0,15505.0,4642.0,7217.0,19435.0,7554.0,10072.0,7202.0,6.0,2286.0,11060.0,428.0,6163.0,15465.0,29134.0,6313.0,7962.0,16131.0,16483.0,40083.0,10245.0,15609.0,13148.0,14679.0,7157.0,14618.0,18394.0,18944.0,14449.0,15813.0
2020-11-20,1917.0,4523.0,46566.0,211085.0,47233.0,23965.0,5986.0,10168.0,11848.0,10638.0,27140.0,15519.0,4658.0,7232.0,19468.0,7584.0,10093.0,7220.0,6.0,2287.0,11084.0,428.0,6171.0,15483.0,29216.0,6318.0,7968.0,16155.0,16499.0,40209.0,10268.0,15614.0,13167.0,14695.0,7179.0,14700.0,18412.0,18997.0,14476.0,15819.0
2020-11-21,1918.0,4527.0,46719.0,211556.0,47394.0,23982.0,6001.0,10179.0,11897.0,10650.0,27200.0,15536.0,4675.0,7242.0,19490.0,7611.0,10128.0,7228.0,6.0,2289.0,11102.0,428.0,6178.0,15502.0,29285.0,6331.0,7972.0,16182.0,16503.0,40311.0,10284.0,15644.0,13194.0,14700.0,7193.0,14773.0,18451.0,19042.0,14508.0,15850.0
2020-11-22,1918.0,4534.0,46836.0,212015.0,47549.0,24020.0,6016.0,10189.0,11956.0,10660.0,27286.0,15553.0,4700.0,7258.0,19520.0,7655.0,10168.0,7259.0,6.0,2290.0,11111.0,428.0,6186.0,15511.0,29356.0,6346.0,7996.0,16209.0,16512.0,40404.0,10308.0,15656.0,13213.0,14709.0,7196.0,14845.0,18468.0,19080.0,14524.0,15870.0
2020-11-23,1923.0,4535.0,46962.0,212505.0,47690.0,24045.0,6032.0,10202.0,12027.0,10665.0,27328.0,15573.0,4721.0,7286.0,19544.0,7682.0,10208.0,7292.0,6.0,2291.0,11124.0,428.0,6195.0,15530.0,29434.0,6356.0,8008.0,16225.0,16522.0,40474.0,10339.0,15676.0,13240.0,14716.0,7207.0,14913.0,18490.0,19114.0,14552.0,15880.0
2020-11-24,1924.0,4537.0,47074.0,212971.0,47837.0,24082.0,6041.0,10213.0,12075.0,10669.0,27376.0,15597.0,4737.0,7310.0,19576.0,7708.0,10253.0,7319.0,6.0,2291.0,11130.0,428.0,6199.0,15544.0,29504.0,6374.0,8011.0,16257.0,16536.0,40547.0,10361.0,15690.0,13269.0,14743.0,7223.0,14972.0,18504.0,19146.0,14575.0,15888.0
2020-11-25,1924.0,4541.0,47182.0,213418.0,47989.0,24114.0,6060.0,10223.0,12149.0,10674.0,27415.0,15621.0,4747.0,7330.0,19598.0,7736.0,10278.0,7333.0,6.0,2292.0,11139.0,428.0,6202.0,15560.0,29568.0,6384.0,8022.0,16273.0,16548.0,40638.0,10385.0,15705.0,13301.0,14764.0,7227.0,15051.0,18517.0,19190.0,14593.0,15906.0
2020-11-26,1925.0,4544.0,47233.0,213802.0,48147.0,24126.0,6072.0,10266.0,12228.0,10682.0,27463.0,15632.0,4764.0,7352.0,19626.0,7739.0,10311.0,7365.0,6.0,2293.0,11154.0,428.0,6204.0,15578.0,29658.0,6394.0,8033.0,16296.0,16561.0,40714.0,10393.0,15724.0,13324.0,14781.0,7238.0,15125.0,18561.0,19219.0,14605.0,15929.0
2020-11-27,1925.0,4554.0,47303.0,214192.0,48293.0,24158.0,6089.0,10294.0,12282.0,10693.0,27511.0,15666.0,4777.0,7367.0,19648.0,7763.0,10348.0,7376.0,6.0,2294.0,11162.0,428.0,6213.0,15592.0,29734.0,6406.0,8044.0,16321.0,16570.0,40776.0,10408.0,15735.0,13353.0,14813.0,7257.0,15182.0,18571.0,19262.0,14627.0,15944.0
2020-11-28,1925.0,4560.0,47391.0,214578.0,48435.0,24176.0,6102.0,10317.0,12324.0,10707.0,27570.0,15695.0,4789.0,7378.0,19675.0,7794.0,10386.0,7383.0,6.0,2296.0,11174.0,428.0,6216.0,15598.0,29804.0,6416.0,8056.0,16354.0,16581.0,40858.0,10433.0,15754.0,13374.0,14825.0,7268.0,15248.0,18588.0,19296.0,14648.0,15961.0
2020-11-29,1925.0,4562.0,47473.0,214977.0,48586.0,24202.0,6111.0,10342.0,12392.0,10713.0,27629.0,15710.0,4805.0,7385.0,19702.0,7818.0,10414.0,7418.0,6.0,2297.0,11190.0,428.0,6220.0,15609.0,29882.0,6427.0,8073.0,16386.0,16585.0,40942.0,10441.0,15769.0,13395.0,14833.0,7281.0,15328.0,18597.0,19335.0,14668.0,15970.0
2020-11-30,1925.0,4562.0,47577.0,215361.0,48739.0,24226.0,6120.0,10375.0,12450.0,10719.0,27664.0,15734.0,4824.0,7396.0,19734.0,7842.0,10441.0,7449.0,6.0,2297.0,11199.0,428.0,6226.0,15625.0,29943.0,6438.0,8077.0,16420.0,16593.0,41003.0,10455.0,15781.0,13421.0,14843.0,7296.0,15403.0,18607.0,19372.0,14685.0,15980.0
